 "constituencyGroupName" , "constituencyGroupOnsCode" , "memberGivenName" , "memberFamilyName" , "partyName" ,
 "Amber Valley" , "E14000533" , "Nigel" , "Mills" , "Conservative" ,
 "Blackpool South" , "E14000573" , "Gordon" , "Marsden" , "Labour" ,
 "Aldershot" , "E14000530" , "Leo" , "Docherty" , "Conservative" ,
 "Birkenhead" , "E14000559" , "Frank" , "Field" , "Independent" ,
 "Henley" , "E14000742" , "John" , "Howell" , "Conservative" ,
 "Brent Central" , "E14000591" , "Dawn" , "Butler" , "Labour" ,
 "Bradford South" , "E14000588" , "Judith" , "Cummins" , "Labour" ,
 "Daventry" , "E14000660" , "Christopher" , "Heaton-Harris" , "Conservative" ,
 "Canterbury" , "E14000619" , "Rosemary" , "Duffield" , "Labour" ,
 "Harwich and North Essex" , "E14000734" , "Bernard" , "Jenkin" , "Conservative" ,
 "Bury North" , "E14000611" , "James" , "Frith" , "Labour" ,
 "Coventry North West" , "E14000650" , "Geoffrey" , "Robinson" , "Labour" ,
 "Coventry South" , "E14000651" , "James" , "Cunningham" , "Labour" ,
 "Halesowen and Rowley Regis" , "E14000722" , "James" , "Morris" , "Conservative" ,
 "North East Derbyshire" , "E14000843" , "Lee" , "Rowley" , "Conservative" ,
 "North East Cambridgeshire" , "E14000842" , "Stephen" , "Barclay" , "Conservative" ,
 "Makerfield" , "E14000805" , "Yvonne" , "Fovargue" , "Labour" ,
 "Scarborough and Whitby" , "E14000913" , "Robert" , "Goodwill" , "Conservative" ,
 "Mid Derbyshire" , "E14000814" , "Pauline" , "Latham" , "Conservative" ,
 "Keighley" , "E14000766" , "John" , "Grogan" , "Labour" ,
 "Oldham West and Royton" , "E14000871" , "James" , "McMahon" , "Labour" ,
 "West Bromwich East" , "E14001029" , "Thomas" , "Watson" , "Labour" ,
 "Nottingham North" , "E14000866" , "Alexander" , "Norris" , "Labour" ,
 "Mid Dorset and North Poole" , "E14000815" , "Michael" , "Tomlinson-Mynors" , "Conservative" ,
 "Somerton and Frome" , "E14000932" , "David" , "Warburton" , "Conservative" ,
 "South Staffordshire" , "E14000945" , "Gavin" , "Williamson" , "Conservative" ,
 "West Worcestershire" , "E14001035" , "Harriett" , "Baldwin" , "Conservative" ,
 "Pendle" , "E14000875" , "Andrew" , "Stephenson" , "Conservative" ,
 "Gravesham" , "E14000715" , "Adam" , "Holloway" , "Conservative" ,
 "Hereford and South Herefordshire" , "E14000743" , "Alexander" , "Norman" , "Conservative" ,
 "Westmorland and Lonsdale" , "E14001037" , "Timothy" , "Farron" , "Liberal Democrat" ,
 "Warrington North" , "E14001017" , "Helen" , "Jones" , "Labour" ,
 "Vauxhall" , "E14001008" , "Catharine" , "Hoey" , "Labour" ,
 "Wallasey" , "E14001010" , "Angela" , "Eagle" , "Labour" ,
 "Ynys Môn" , "W07000041" , "Albert" , "Owen" , "Labour" ,
 "Clwyd South" , "W07000062" , "Susan" , "Jones" , "Labour" ,
 "Worcester" , "E14001052" , "Robin" , "Walker" , "Conservative" ,
 "Wirral South" , "E14001043" , "Alison" , "McGovern" , "Labour" ,
 "Rhondda" , "W07000052" , "Christopher" , "Bryant" , "Labour" ,
 "West Dorset" , "E14001031" , "Oliver" , "Letwin" , "Conservative" ,
 "Workington" , "E14001053" , "Susan" , "Hayman" , "Labour" ,
 "Brighton, Pavilion" , "E14000598" , "Caroline" , "Lucas" , "Green Party" ,
 "Beaconsfield" , "E14000550" , "Dominic" , "Grieve" , "Conservative" ,
 "Aylesbury" , "E14000538" , "David" , "Lidington" , "Conservative" ,
 "Bexhill and Battle" , "E14000557" , "Huw" , "Merriman" , "Conservative" ,
 "Burton" , "E14000610" , "Andrew" , "Griffiths" , "Independent" ,
 "Bolton South East" , "E14000579" , "Yasmin " , "Qureshi" , "Labour" ,
 "Erith and Thamesmead" , "E14000696" , "Teresa" , "Pearce" , "Labour" ,
 "Forest of Dean" , "E14000705" , "Mark" , "Harper" , "Conservative" ,
 "Dudley North" , "E14000671" , "Ian" , "Austin" , "Labour" ,
 "Harlow" , "E14000729" , "Robert" , "Halfon" , "Conservative" ,
 "Ealing Central and Acton" , "E14000674" , "Rupa" , "Huq" , "Labour" ,
 "Buckingham" , "E14000608" , "John" , "Bercow" , "Speaker" ,
 "Huntingdon" , "E14000757" , "Jonathan" , "Djanogly" , "Conservative" ,
 "Chelmsford" , "E14000628" , "Victoria" , "Ford" , "Conservative" ,
 "North Herefordshire" , "E14000847" , "William" , "Wiggin" , "Conservative" ,
 "Loughborough" , "E14000797" , "Nicola" , "Morgan" , "Conservative" ,
 "Shrewsbury and Atcham" , "E14000926" , "Daniel" , "Kawczynski" , "Conservative" ,
 "Pudsey" , "E14000886" , "Stuart" , "Andrew" , "Conservative" ,
 "Leicester East" , "E14000782" , "Keith" , "Vaz" , "Labour" ,
 "Harborough" , "E14000728" , "Neil" , "O'Brien" , "Conservative" ,
 "North East Hertfordshire" , "E14000845" , "Oliver" , "Heald" , "Conservative" ,
 "Watford" , "E14001021" , "Richard" , "Harrington" , "Conservative" ,
 "Tynemouth" , "E14001006" , "Alan" , "Campbell" , "Labour" ,
 "Knowsley" , "E14000775" , "George" , "Howarth" , "Labour" ,
 "East Dunbartonshire" , "S14000018" , "Joanne" , "Swinson" , "Liberal Democrat" ,
 "Liverpool, Wavertree" , "E14000795" , "Luciana" , "Goldsmith (Berger)" , "Labour" ,
 "Nottingham East" , "E14000865" , "Christopher" , "Leslie" , "Labour" ,
 "Stockton North" , "E14000970" , "Alexander" , "Cunningham" , "Labour" ,
 "Washington and Sunderland West" , "E14001020" , "Sharon" , "Hodgson" , "Labour" ,
 "Tooting" , "E14000998" , "Rosena" , "Allin-Khan" , "Labour" ,
 "Stafford" , "E14000965" , "Jeremy" , "Lefroy" , "Conservative" ,
 "North West Cambridgeshire" , "E14000855" , "Shailesh" , "Vara" , "Conservative" ,
 "Spelthorne" , "E14000959" , "Kwasi" , "Kwarteng" , "Conservative" ,
 "South Swindon" , "E14000947" , "Robert" , "Buckland" , "Conservative" ,
 "Aberavon" , "W07000049" , "Stephen" , "Kinnock" , "Labour" ,
 "Belfast East" , "N06000001" , "Gavin" , "Robinson" , "Democratic Unionist Party" ,
 "Glenrothes" , "S14000036" , "Peter" , "Grant" , "Scottish National Party" ,
 "Wokingham" , "E14001048" , "John" , "Redwood" , "Conservative" ,
 "Montgomeryshire" , "W07000063" , "Edward" , "Davies" , "Conservative" ,
 "Merthyr Tydfil and Rhymney" , "W07000071" , "Gerald" , "Jones" , "Labour" ,
 "Newry and Armagh" , "N06000011" , "Michael" , "Brady" , "Sinn Féin" ,
 "Ashfield" , "E14000535" , "Gloria" , "De Piero" , "Labour" ,
 "Berwick-upon-Tweed" , "E14000554" , "Anne-Marie" , "Trevelyan" , "Conservative" ,
 "Gloucester" , "E14000712" , "Richard" , "Graham" , "Conservative" ,
 "Chorley" , "E14000637" , "Lindsay" , "Hoyle" , "Labour" ,
 "Brigg and Goole" , "E14000596" , "Andrew" , "Percy" , "Conservative" ,
 "Derby South" , "E14000663" , "Margaret" , "Beckett" , "Labour" ,
 "Central Devon" , "E14000623" , "Melvyn" , "Stride" , "Conservative" ,
 "Epsom and Ewell" , "E14000694" , "Christopher" , "Grayling" , "Conservative" ,
 "Cleethorpes" , "E14000643" , "Martin" , "Vickers" , "Conservative" ,
 "Hertford and Stortford" , "E14000744" , "Michael" , "Prisk" , "Conservative" ,
 "Chesham and Amersham" , "E14000631" , "Cheryl" , "Gillan" , "Conservative" ,
 "Burnley" , "E14000609" , "Julie" , "Cooper" , "Labour" ,
 "Reading West" , "E14000890" , "Alok" , "Sharma" , "Conservative" ,
 "Rother Valley" , "E14000903" , "Kevin" , "Barron" , "Labour" ,
 "Kingston upon Hull East" , "E14000771" , "Karl" , "Turner" , "Labour" ,
 "Rotherham" , "E14000904" , "Sarah" , "Champion" , "Labour" ,
 "Lewisham, Deptford" , "E14000789" , "Victoria" , "Foxcroft" , "Labour" ,
 "Sherwood" , "E14000924" , "Mark" , "Spencer" , "Conservative" ,
 "North East Hampshire" , "E14000844" , "Ranil" , "Jayawardena" , "Conservative" ,
 "Tewkesbury" , "E14000990" , "Laurence" , "Robertson" , "Conservative" ,
 "Erewash" , "E14000695" , "Margaret" , "Throup" , "Conservative" ,
 "Stourbridge" , "E14000976" , "Margot" , "James" , "Conservative" ,
 "Mid Sussex" , "E14000817" , "Nicholas" , "Soames" , "Conservative" ,
 "Newcastle upon Tyne Central" , "E14000831" , "Chi" , "Onwurah" , "Labour" ,
 "Newcastle-under-Lyme" , "E14000834" , "Christopher" , "Farrelly" , "Labour" ,
 "South West Norfolk" , "E14000952" , "Elizabeth" , "Truss" , "Conservative" ,
 "Stroud" , "E14000980" , "David" , "Drew" , "Labour" ,
 "Stockport" , "E14000969" , "Ann" , "Coffey" , "Labour" ,
 "Witham" , "E14001045" , "Priti" , "Patel" , "Conservative" ,
 "Hornsey and Wood Green" , "E14000752" , "Catherine" , "West" , "Labour" ,
 "Banff and Buchan" , "S14000007" , "David" , "Duguid" , "Conservative" ,
 "North Tyneside" , "E14000853" , "Mary" , "Glindon" , "Labour" ,
 "East Londonderry" , "N06000006" , "Gregory" , "Campbell" , "Democratic Unionist Party" ,
 "Falkirk" , "S14000028" , "John" , "McNally" , "Scottish National Party" ,
 "Mid Ulster" , "N06000010" , "Francis" , "Molloy" , "Sinn Féin" ,
 "Wentworth and Dearne" , "E14001028" , "John" , "Healey" , "Labour" ,
 "Carmarthen East and Dinefwr" , "W07000067" , "David" , "Edwards" , "Plaid Cymru" ,
 "Perth and North Perthshire" , "S14000054" , "Peter" , "Wishart" , "Scottish National Party" ,
 "Linlithgow and East Falkirk" , "S14000043" , "Martyn" , "Day" , "Scottish National Party" ,
 "Edinburgh South" , "S14000024" , "Ian" , "Murray" , "Labour" ,
 "Ashton-under-Lyne" , "E14000537" , "Angela" , "Rayner" , "Labour" ,
 "Eastleigh" , "E14000685" , "Miriam" , "Davies" , "Conservative" ,
 "Bury South" , "E14000612" , "Ivan" , "Lewis" , "Independent" ,
 "Corby" , "E14000648" , "Thomas" , "Pursglove" , "Conservative" ,
 "Barking" , "E14000540" , "Margaret" , "Hodge" , "Labour" ,
 "Bristol North West" , "E14000600" , "Darren" , "Jones" , "Labour" ,
 "Great Grimsby" , "E14000716" , "Melanie" , "Onn" , "Labour" ,
 "Hartlepool" , "E14000733" , "Michael" , "Hill" , "Labour" ,
 "Eltham" , "E14000690" , "Clive" , "Efford" , "Labour" ,
 "Bethnal Green and Bow" , "E14000555" , "Rushanara" , "Ali" , "Labour" ,
 "Hazel Grove" , "E14000738" , "William" , "Wragg" , "Conservative" ,
 "Carlisle" , "E14000620" , "Andrew" , "Stevenson" , "Conservative" ,
 "Blackburn" , "E14000570" , "Catherine" , "Hollern" , "Labour" ,
 "South West Hertfordshire" , "E14000951" , "David" , "Gauke" , "Conservative" ,
 "Aberdeen North" , "S14000001" , "Kirsty" , "Blackman" , "Scottish National Party" ,
 "Thornbury and Yate" , "E14000994" , "Luke" , "Hall" , "Conservative" ,
 "New Forest West" , "E14000828" , "Desmond" , "Swayne" , "Conservative" ,
 "Leyton and Wanstead" , "E14000790" , "John" , "Cryer" , "Labour" ,
 "Leeds East" , "E14000778" , "Richard" , "Burgon" , "Labour" ,
 "Macclesfield" , "E14000802" , "David" , "Rutley" , "Conservative" ,
 "Wolverhampton North East" , "E14001049" , "Emma" , "Reynolds" , "Labour" ,
 "Harrow East" , "E14000731" , "Robert" , "Blackman" , "Conservative" ,
 "Meriden" , "E14000812" , "Caroline" , "Spelman" , "Conservative" ,
 "Preston" , "E14000885" , "Mark" , "Hendrick" , "Labour" ,
 "South West Bedfordshire" , "E14000949" , "Andrew" , "Selous" , "Conservative" ,
 "Stretford and Urmston" , "E14000979" , "Katherine" , "Green" , "Labour" ,
 "South Basildon and East Thurrock" , "E14000933" , "Stephen" , "Metcalfe" , "Conservative" ,
 "Wellingborough" , "E14001025" , "Peter" , "Bone" , "Conservative" ,
 "Richmond (Yorks)" , "E14000895" , "Rishi" , "Sunak" , "Conservative" ,
 "Newcastle upon Tyne East" , "E14000832" , "Nicholas" , "Brown" , "Labour" ,
 "Scunthorpe" , "E14000914" , "Nicholas" , "Dakin" , "Labour" ,
 "Newcastle upon Tyne North" , "E14000833" , "Catherine" , "McKinnell" , "Labour" ,
 "South Suffolk" , "E14000946" , "James" , "Cartlidge" , "Conservative" ,
 "Livingston" , "S14000044" , "Hannah" , "Bardell" , "Scottish National Party" ,
 "West Aberdeenshire and Kincardine" , "S14000058" , "Andrew" , "Bowie" , "Conservative" ,
 "West Tyrone" , "N06000018" , "Órfhlaith" , "Begley" , "Sinn Féin" ,
 "Dumfries and Galloway" , "S14000013" , "Alister" , "Jack" , "Conservative" ,
 "Wythenshawe and Sale East" , "E14001059" , "Michael" , "Kane" , "Labour" ,
 "Caerphilly" , "W07000076" , "Wayne" , "David" , "Labour" ,
 "Paisley and Renfrewshire North" , "S14000052" , "Gavin" , "Newlands" , "Scottish National Party" ,
 "Bishop Auckland" , "E14000569" , "Helen" , "Goodman" , "Labour" ,
 "Birmingham, Perry Barr" , "E14000566" , "Khalid" , "Mahmood" , "Labour" ,
 "Battersea" , "E14000549" , "Marsha" , "De Cordova" , "Labour" ,
 "Crewe and Nantwich" , "E14000653" , "Laura" , "Smith" , "Labour" ,
 "Dulwich and West Norwood" , "E14000673" , "Helen" , "Hayes" , "Labour" ,
 "Hackney South and Shoreditch" , "E14000721" , "Margaret" , "Hillier" , "Labour" ,
 "Broadland" , "E14000603" , "Keith" , "Simpson" , "Conservative" ,
 "Hampstead and Kilburn" , "E14000727" , "Tulip" , "Siddiq" , "Labour" ,
 "Hitchin and Harpenden" , "E14000749" , "Abimbola" , "Afolami" , "Conservative" ,
 "Dover" , "E14000670" , "Brett" , "Elphicke" , "Independent" ,
 "Brent North" , "E14000592" , "Barry" , "Gardiner" , "Labour" ,
 "Chelsea and Fulham" , "E14000629" , "Gregory" , "Hands" , "Conservative" ,
 "City of Chester" , "E14000640" , "Christian" , "Matheson" , "Labour" ,
 "North West Durham" , "E14000856" , "Laura" , "Pidcock" , "Labour" ,
 "Stoke-on-Trent Central" , "E14000972" , "Gareth" , "Snell" , "Labour" ,
 "Romsey and Southampton North" , "E14000901" , "Caroline" , "Nokes" , "Conservative" ,
 "Kettering" , "E14000769" , "Philip" , "Hollobone" , "Conservative" ,
 "Salford and Eccles" , "E14000911" , "Rebecca" , "Long-Bailey" , "Labour" ,
 "Redditch" , "E14000892" , "Rachel" , "Maclean" , "Conservative" ,
 "Sheffield, Heeley" , "E14000923" , "Louise" , "Haigh" , "Labour" ,
 "Suffolk Coastal" , "E14000981" , "Thérèse" , "Coffey" , "Conservative" ,
 "Meon Valley" , "E14000811" , "George" , "Hollingbery" , "Conservative" ,
 "Norwich South" , "E14000864" , "Clive" , "Lewis" , "Labour" ,
 "Luton South" , "E14000801" , "Gavin" , "Shuker" , "Labour" ,
 "New Forest East" , "E14000827" , "Julian" , "Lewis" , "Conservative" ,
 "Dunfermline and West Fife" , "S14000017" , "Douglas" , "Chapman" , "Scottish National Party" ,
 "Inverclyde" , "S14000038" , "Ronald" , "Cowan" , "Scottish National Party" ,
 "Sittingbourne and Sheppey" , "E14000927" , "Gordon" , "Henderson" , "Conservative" ,
 "Sheffield Central" , "E14000919" , "Paul" , "Blomfield" , "Labour" ,
 "High Peak" , "E14000748" , "Ruth" , "George" , "Labour" ,
 "Wycombe" , "E14001056" , "Steven" , "Baker" , "Conservative" ,
 "Slough" , "E14000930" , "Tanmanjeet" , "Dhesi" , "Labour" ,
 "Oxford West and Abingdon" , "E14000874" , "Layla" , "Moran" , "Liberal Democrat" ,
 "Kilmarnock and Loudoun" , "S14000040" , "Alan" , "Brown" , "Scottish National Party" ,
 "Central Ayrshire" , "S14000010" , "Philippa" , "Whitford" , "Scottish National Party" ,
 "Glasgow North West" , "S14000033" , "Carol" , "Monaghan" , "Scottish National Party" ,
 "Argyll and Bute" , "S14000005" , "Brendan" , "O'Hara" , "Scottish National Party" ,
 "Monmouth" , "W07000054" , "David" , "Davies" , "Conservative" ,
 "East Lothian" , "S14000020" , "Martin" , "Whitfield" , "Labour" ,
 "Wolverhampton South West" , "E14001051" , "Eleanor" , "Smith" , "Labour" ,
 "Barnsley Central" , "E14000541" , "Daniel" , "Jarvis" , "Labour" ,
 "Batley and Spen" , "E14000548" , "Tracy" , "Brabin" , "Labour" ,
 "Colne Valley" , "E14000645" , "Thelma" , "Walker" , "Labour" ,
 "Christchurch" , "E14000638" , "Christopher" , "Chope" , "Conservative" ,
 "Cannock Chase" , "E14000618" , "Amanda" , "Milling" , "Conservative" ,
 "Edmonton" , "E14000687" , "Kate" , "Osamor" , "Labour" ,
 "Charnwood" , "E14000625" , "Edward" , "Argar" , "Conservative" ,
 "Croydon North" , "E14000655" , "Steven" , "Reed" , "Labour" ,
 "Huddersfield" , "E14000756" , "Barry" , "Sheerman" , "Labour" ,
 "Fareham" , "E14000699" , "Sue-Ellen" , "Braverman" , "Conservative" ,
 "Camberwell and Peckham" , "E14000615" , "Harriet" , "Harman" , "Labour" ,
 "Bedford" , "E14000552" , "Mohammad" , "Yasin" , "Labour" ,
 "Brighton, Kemptown" , "E14000597" , "Lloyd" , "Russell-Moyle" , "Labour" ,
 "Stockton South" , "E14000971" , "Paul" , "Williams" , "Labour" ,
 "Sutton and Cheam" , "E14000984" , "Paul" , "Scully" , "Conservative" ,
 "Nottingham South" , "E14000867" , "Lilian" , "Greenwood" , "Labour" ,
 "Twickenham" , "E14001005" , "John" , "Cable" , "Liberal Democrat" ,
 "South East Cambridgeshire" , "E14000937" , "Lucy" , "Leigh (Frazer)" , "Conservative" ,
 "Kingswood" , "E14000774" , "Christopher" , "Skidmore" , "Conservative" ,
 "Harrogate and Knaresborough" , "E14000730" , "Andrew" , "Jones" , "Conservative" ,
 "Sefton Central" , "E14000916" , "William" , "Esterson" , "Labour" ,
 "South Holland and The Deepings" , "E14000939" , "John" , "Hayes" , "Conservative" ,
 "Milton Keynes South" , "E14000822" , "Iain" , "Stewart" , "Conservative" ,
 "Romford" , "E14000900" , "Andrew" , "Rosindell" , "Conservative" ,
 "Middlesbrough" , "E14000819" , "Andrew" , "McDonald" , "Labour" ,
 "Leeds North East" , "E14000779" , "Fabian" , "Hamilton" , "Labour" ,
 "South Shields" , "E14000944" , "Emma" , "Lewell-Buck" , "Labour" ,
 "Poole" , "E14000881" , "Robert" , "Syms" , "Conservative" ,
 "Rochford and Southend East" , "E14000899" , "James" , "Duddridge" , "Conservative" ,
 "The Wrekin" , "E14000992" , "Mark" , "Pritchard" , "Conservative" ,
 "Putney" , "E14000887" , "Justine" , "Greening" , "Conservative" ,
 "Leicester West" , "E14000784" , "Elizabeth" , "Kendall" , "Labour" ,
 "Edinburgh East" , "S14000022" , "Thomas" , "Sheppard" , "Scottish National Party" ,
 "Wolverhampton South East" , "E14001050" , "Patrick" , "McFadden" , "Labour" ,
 "North Antrim" , "N06000012" , "Ian" , "Paisley" , "Independent" ,
 "Dwyfor Meirionnydd" , "W07000061" , "Liz" , "Saville Roberts" , "Plaid Cymru" ,
 "Cumbernauld, Kilsyth and Kirkintilloch East" , "S14000012" , "Stuart" , "McDonald" , "Scottish National Party" ,
 "Midlothian" , "S14000045" , "Danielle" , "Rowley" , "Labour" ,
 "Upper Bann" , "N06000017" , "Thomas David" , "Simpson" , "Democratic Unionist Party" ,
 "Blaenau Gwent" , "W07000072" , "Nicholas" , "Smith" , "Labour" ,
 "Kirkcaldy and Cowdenbeath" , "S14000041" , "Lesley" , "Laird" , "Labour" ,
 "Halton" , "E14000725" , "John" , "Twigg" , "Labour" ,
 "Banbury" , "E14000539" , "Victoria" , "Prentis" , "Conservative" ,
 "Exeter" , "E14000698" , "Benjamin" , "Bradshaw" , "Labour" ,
 "Bridgwater and West Somerset" , "E14000595" , "Ian" , "Liddell-Grainger" , "Conservative" ,
 "Coventry North East" , "E14000649" , "Colleen" , "Fletcher" , "Labour" ,
 "Heywood and Middleton" , "E14000747" , "Elizabeth" , "McInnes" , "Labour" ,
 "Garston and Halewood" , "E14000708" , "Maria" , "Eagle" , "Labour" ,
 "Devizes" , "E14000665" , "Claire" , "Perry" , "Conservative" ,
 "Bexleyheath and Crayford" , "E14000558" , "David" , "Evennett" , "Conservative" ,
 "Brentford and Isleworth" , "E14000593" , "Ruth" , "Cadbury" , "Labour" ,
 "Broxtowe" , "E14000607" , "Anna" , "Soubry" , "Conservative" ,
 "Blyth Valley" , "E14000575" , "Ronnie" , "Campbell" , "Labour" ,
 "Elmet and Rothwell" , "E14000689" , "Alec" , "Shelbrooke" , "Conservative" ,
 "Wansbeck" , "E14001014" , "Ian" , "Lavery" , "Labour" ,
 "Stratford-on-Avon" , "E14000977" , "Nadhim" , "Zahawi" , "Conservative" ,
 "Ilford North" , "E14000759" , "Wesley" , "Streeting" , "Labour" ,
 "Portsmouth South" , "E14000884" , "Stephen" , "Morgan" , "Labour" ,
 "Milton Keynes North" , "E14000821" , "John" , "Lancaster" , "Conservative" ,
 "South Leicestershire" , "E14000940" , "Alberto" , "Costa" , "Conservative" ,
 "Rugby" , "E14000905" , "Mark" , "Pawsey" , "Conservative" ,
 "Torbay" , "E14000999" , "Kevin" , "Foster" , "Conservative" ,
 "Horsham" , "E14000753" , "Jeremy" , "Quin" , "Conservative" ,
 "South Dorset" , "E14000936" , "Richard" , "Plunkett-Ernle-Erle-Drax" , "Conservative" ,
 "Morecambe and Lunesdale" , "E14000825" , "David" , "Morris" , "Conservative" ,
 "Southampton, Test" , "E14000956" , "Alan" , "Whitehead" , "Labour" ,
 "Mole Valley" , "E14000824" , "Alexander" , "Beresford" , "Conservative" ,
 "St Albans" , "E14000960" , "Anne" , "Main" , "Conservative" ,
 "West Bromwich West" , "E14001030" , "Adrian" , "Bailey" , "Labour" ,
 "Tonbridge and Malling" , "E14000997" , "Thomas" , "Tugendhat" , "Conservative" ,
 "East Antrim" , "N06000005" , "Samuel" , "Wilson" , "Democratic Unionist Party" ,
 "Ilford South" , "E14000760" , "Michael" , "Gapes" , "Labour" ,
 "Ribble Valley" , "E14000894" , "Nigel" , "Evans" , "Conservative" ,
 "North Warwickshire" , "E14000854" , "Craig" , "Tracey" , "Conservative" ,
 "Warwick and Leamington" , "E14001019" , "Matthew" , "Western" , "Labour" ,
 "Glasgow South" , "S14000034" , "Stewart" , "McDonald" , "Scottish National Party" ,
 "Yeovil" , "E14001060" , "Marcus" , "Fysh" , "Conservative" ,
 "North Ayrshire and Arran" , "S14000048" , "Patricia" , "Gibson" , "Scottish National Party" ,
 "East Kilbride, Strathaven and Lesmahagow" , "S14000019" , "Lisa" , "Cameron" , "Scottish National Party" ,
 "North East Fife" , "S14000049" , "Stephen" , "Gethins" , "Scottish National Party" ,
 "Pontypridd" , "W07000075" , "Owen" , "Smith" , "Labour" ,
 "East Yorkshire" , "E14000683" , "Gregory" , "Knight" , "Conservative" ,
 "Arundel and South Downs" , "E14000534" , "Nick" , "Herbert" , "Conservative" ,
 "Harrow West" , "E14000732" , "Gareth" , "Thomas" , "Labour" ,
 "Birmingham, Hall Green" , "E14000562" , "Roger" , "Godsiff" , "Labour" ,
 "Hexham" , "E14000746" , "Guy" , "Opperman" , "Conservative" ,
 "Derbyshire Dales" , "E14000664" , "Patrick" , "McLoughlin" , "Conservative" ,
 "Basingstoke" , "E14000545" , "Maria" , "Miller" , "Conservative" ,
 "Doncaster Central" , "E14000668" , "Rosalie" , "Winterton" , "Labour" ,
 "Bristol West" , "E14000602" , "Thangam" , "Debbonaire" , "Labour" ,
 "Liverpool, West Derby" , "E14000796" , "Stephen" , "Twigg" , "Labour" ,
 "Lewes" , "E14000786" , "Maria" , "Caulfield" , "Conservative" ,
 "Brentwood and Ongar" , "E14000594" , "Michael" , "Burghart" , "Conservative" ,
 "Ludlow" , "E14000799" , "Philip" , "Dunne" , "Conservative" ,
 "Croydon South" , "E14000656" , "Chris" , "Philp" , "Conservative" ,
 "Mid Norfolk" , "E14000816" , "George" , "Freeman" , "Conservative" ,
 "Castle Point" , "E14000622" , "Rebecca " , "Harris" , "Conservative" ,
 "Birmingham, Hodge Hill" , "E14000563" , "Liam" , "Byrne" , "Labour" ,
 "Esher and Walton" , "E14000697" , "Dominic" , "Raab" , "Conservative" ,
 "Great Yarmouth" , "E14000717" , "Brandon" , "Lewis" , "Conservative" ,
 "Mansfield" , "E14000810" , "Benjamin" , "Bradley" , "Conservative" ,
 "Staffordshire Moorlands" , "E14000966" , "Karen" , "Bradley" , "Conservative" ,
 "Belfast South" , "N06000003" , "Emma" , "Little Pengelly" , "Democratic Unionist Party" ,
 "Walthamstow" , "E14001013" , "Stella" , "Creasy" , "Labour" ,
 "Old Bexley and Sidcup" , "E14000869" , "James" , "Brokenshire" , "Conservative" ,
 "Poplar and Limehouse" , "E14000882" , "James" , "Fitzpatrick" , "Labour" ,
 "Southampton, Itchen" , "E14000955" , "Royston" , "Smith" , "Conservative" ,
 "York Central" , "E14001061" , "Rachael" , "Maskell" , "Labour" ,
 "Rutland and Melton" , "E14000909" , "Alan" , "Duncan" , "Conservative" ,
 "Redcar" , "E14000891" , "Anna" , "Turley" , "Labour" ,
 "Truro and Falmouth" , "E14001003" , "Sarah" , "Newton" , "Conservative" ,
 "North West Norfolk" , "E14000859" , "Henry" , "Bellingham" , "Conservative" ,
 "Dundee East" , "S14000015" , "Stewart" , "Hosie" , "Scottish National Party" ,
 "Cardiff West" , "W07000079" , "Kevin" , "Brennan" , "Labour" ,
 "Swansea East" , "W07000048" , "Carolyn" , "Harris" , "Labour" ,
 "Tottenham" , "E14001002" , "David" , "Lammy" , "Labour" ,
 "Sevenoaks" , "E14000918" , "Michael" , "Fallon" , "Conservative" ,
 "Woking" , "E14001047" , "Jonathan" , "Lord" , "Conservative" ,
 "Streatham" , "E14000978" , "Chuka" , "Umunna" , "Labour" ,
 "Thurrock" , "E14000995" , "Jacqueline" , "Doyle-Price" , "Conservative" ,
 "Swansea West" , "W07000047" , "Geraint" , "Davies" , "Labour" ,
 "Edinburgh North and Leith" , "S14000023" , "Deidre" , "Brock" , "Scottish National Party" ,
 "Vale of Clwyd" , "W07000060" , "Christopher" , "Ruane" , "Labour" ,
 "Hayes and Harlington" , "E14000737" , "John" , "McDonnell" , "Labour" ,
 "Chatham and Aylesford" , "E14000626" , "Tracey" , "Crouch" , "Conservative" ,
 "East Surrey" , "E14000681" , "Samuel" , "Gyimah" , "Conservative" ,
 "Lincoln" , "E14000792" , "Karen" , "Lee" , "Labour" ,
 "Lewisham East" , "E14000787" , "Janet" , "Daby" , "Labour" ,
 "Bognor Regis and Littlehampton" , "E14000576" , "Nicolas" , "Gibb" , "Conservative" ,
 "Finchley and Golders Green" , "E14000703" , "Michael" , "Freer" , "Conservative" ,
 "Hove" , "E14000755" , "Peter" , "Kyle" , "Labour" ,
 "Dewsbury" , "E14000666" , "Paula" , "Sherriff" , "Labour" ,
 "Gosport" , "E14000713" , "Caroline" , "Dinenage" , "Conservative" ,
 "Kenilworth and Southam" , "E14000767" , "Jeremy" , "Wright" , "Conservative" ,
 "Bradford East" , "E14000587" , "Imran" , "Hussain" , "Labour" ,
 "Don Valley" , "E14000667" , "Caroline" , "Flint" , "Labour" ,
 "Bournemouth East" , "E14000584" , "Tobias" , "Ellwood" , "Conservative" ,
 "Bury St Edmunds" , "E14000613" , "Johanna" , "Churchill" , "Conservative" ,
 "Bermondsey and Old Southwark" , "E14000553" , "Neil" , "Coyle" , "Labour" ,
 "Chingford and Woodford Green" , "E14000634" , "George" , "Duncan Smith" , "Conservative" ,
 "Wantage" , "E14001015" , "Edward" , "Vaizey" , "Conservative" ,
 "Alyn and Deeside" , "W07000043" , "Mark" , "Tami" , "Labour" ,
 "Edinburgh West" , "S14000026" , "Christine" , "Jardine" , "Liberal Democrat" ,
 "Surrey Heath" , "E14000983" , "Michael" , "Gove" , "Conservative" ,
 "Newbury" , "E14000830" , "Richard" , "Benyon" , "Conservative" ,
 "Dumfriesshire, Clydesdale and Tweeddale" , "S14000014" , "David" , "Mundell" , "Conservative" ,
 "Manchester, Gorton" , "E14000808" , "Mohammed" , "Khan" , "Labour" ,
 "Telford" , "E14000989" , "Lucy" , "Allan" , "Conservative" ,
 "South Thanet" , "E14000948" , "Craig" , "Mackinlay" , "Conservative" ,
 "Rossendale and Darwen" , "E14000902" , "James" , "Berry" , "Conservative" ,
 "Stevenage" , "E14000968" , "Stephen" , "McPartland" , "Conservative" ,
 "Lichfield" , "E14000791" , "Michael" , "Fabricant" , "Conservative" ,
 "Strangford" , "N06000016" , "Richard" , "Shannon" , "Democratic Unionist Party" ,
 "Wimbledon" , "E14001040" , "Stephen" , "Hammond" , "Conservative" ,
 "Mitcham and Morden" , "E14000823" , "Siobhain" , "McDonagh" , "Labour" ,
 "Totnes" , "E14001001" , "Sarah" , "James (Wollaston)" , "Conservative" ,
 "Portsmouth North" , "E14000883" , "Penelope" , "Mordaunt" , "Conservative" ,
 "North Dorset" , "E14000839" , "Simon" , "Hoare" , "Conservative" ,
 "St Helens North" , "E14000962" , "Conor" , "McGinn" , "Labour" ,
 "Shipley" , "E14000925" , "Philip" , "Davies" , "Conservative" ,
 "Inverness, Nairn, Badenoch and Strathspey" , "S14000039" , "Drew" , "Hendry" , "Scottish National Party" ,
 "Airdrie and Shotts" , "S14000003" , "Neil" , "Gray" , "Scottish National Party" ,
 "Preseli Pembrokeshire" , "W07000065" , "Stephen" , "Crabb" , "Conservative" ,
 "Basildon and Billericay" , "E14000544" , "John" , "Baron" , "Conservative" ,
 "Birmingham, Northfield" , "E14000565" , "Richard" , "Burden" , "Labour" ,
 "Barrow and Furness" , "E14000543" , "John" , "Woodcock" , "Independent" ,
 "Carshalton and Wallington" , "E14000621" , "Thomas" , "Brake" , "Liberal Democrat" ,
 "Cheadle" , "E14000627" , "Mary" , "Robinson" , "Conservative" ,
 "Copeland" , "E14000647" , "Trudy" , "Harrison" , "Conservative" ,
 "Easington" , "E14000677" , "Grahame" , "Morris" , "Labour" ,
 "Gedling" , "E14000710" , "Vernon" , "Coaker" , "Labour" ,
 "Havant" , "E14000736" , "Alan" , "Mak" , "Conservative" ,
 "Folkestone and Hythe" , "E14000704" , "Damian" , "Collins" , "Conservative" ,
 "Bromley and Chislehurst" , "E14000604" , "Robert" , "Neill" , "Conservative" ,
 "Epping Forest" , "E14000693" , "Eleanor" , "Laing" , "Conservative" ,
 "Blackpool North and Cleveleys" , "E14000572" , "Paul" , "Maynard" , "Conservative" ,
 "South East Cornwall" , "E14000938" , "Sheryll" , "Murray" , "Conservative" ,
 "Stalybridge and Hyde" , "E14000967" , "Jonathan" , "Reynolds" , "Labour" ,
 "Solihull" , "E14000931" , "Julian" , "Knight" , "Conservative" ,
 "Wakefield" , "E14001009" , "Mary" , "Creagh" , "Labour" ,
 "Winchester" , "E14001041" , "Stephen" , "Brine" , "Conservative" ,
 "South West Surrey" , "E14000953" , "Jeremy" , "Hunt" , "Conservative" ,
 "Northampton North" , "E14000861" , "Michael" , "Ellis" , "Conservative" ,
 "Walsall South" , "E14001012" , "Valerie" , "Vaz" , "Labour" ,
 "Leeds North West" , "E14000780" , "Alexander" , "Sobel" , "Labour" ,
 "Kingston upon Hull West and Hessle" , "E14000773" , "Emma" , "Hardy" , "Labour" ,
 "Ruislip, Northwood and Pinner" , "E14000906" , "Nicholas" , "Hurd" , "Conservative" ,
 "Penistone and Stocksbridge" , "E14000876" , "Angela" , "Smith" , "Labour" ,
 "West Suffolk" , "E14001034" , "Matthew" , "Hancock" , "Conservative" ,
 "Orpington" , "E14000872" , "Joseph" , "Johnson" , "Conservative" ,
 "North Swindon" , "E14000851" , "Justin" , "Tomlinson" , "Conservative" ,
 "St Ives" , "E14000964" , "Derek" , "Thomas" , "Conservative" ,
 "Luton North" , "E14000800" , "Kelvin" , "Hopkins" , "Independent" ,
 "Louth and Horncastle" , "E14000798" , "Victoria" , "Atkins" , "Conservative" ,
 "Islington South and Finsbury" , "E14000764" , "Emily" , "Thornberry" , "Labour" ,
 "Hertsmere" , "E14000745" , "Oliver" , "Dowden" , "Conservative" ,
 "Edinburgh South West" , "S14000025" , "Joanna" , "Cherry" , "Scottish National Party" ,
 "Orkney and Shetland" , "S14000051" , "Alexander" , "Carmichael" , "Liberal Democrat" ,
 "Gower" , "W07000046" , "Antonia" , "Antoniazzi" , "Labour" ,
 "West Dunbartonshire" , "S14000059" , "Martin" , "Docherty-Hughes" , "Scottish National Party" ,
 "Gordon" , "S14000037" , "Colin" , "Clark" , "Conservative" ,
 "Carmarthen West and South Pembrokeshire" , "W07000066" , "Simon" , "Hart" , "Conservative" ,
 "Berwickshire, Roxburgh and Selkirk" , "S14000008" , "John" , "Lamont" , "Conservative" ,
 "East Renfrewshire" , "S14000021" , "Paul" , "Masterton" , "Conservative" ,
 "Chippenham" , "E14000635" , "Michelle" , "Donelan" , "Conservative" ,
 "Croydon Central" , "E14000654" , "Sarah" , "Jones" , "Labour" ,
 "Halifax" , "E14000723" , "Holly" , "Walker-Lynch" , "Labour" ,
 "Hammersmith" , "E14000726" , "Andrew" , "Slaughter" , "Labour" ,
 "Fylde" , "E14000706" , "Mark" , "Menzies" , "Conservative" ,
 "Blackley and Broughton" , "E14000571" , "Graham" , "Stringer" , "Labour" ,
 "Hornchurch and Upminster" , "E14000751" , "Julia" , "Lopez" , "Conservative" ,
 "Chipping Barnet" , "E14000636" , "Theresa" , "Villiers" , "Conservative" ,
 "Dagenham and Rainham" , "E14000657" , "Jonathan" , "Cruddas" , "Labour" ,
 "Lancaster and Fleetwood" , "E14000776" , "Catherine" , "Smith" , "Labour" ,
 "Cambridge" , "E14000617" , "Daniel" , "Zeichner" , "Labour" ,
 "Birmingham, Ladywood" , "E14000564" , "Shabana" , "Mahmood" , "Labour" ,
 "Leicester South" , "E14000783" , "Jonathan" , "Ashworth" , "Labour" ,
 "Islington North" , "E14000763" , "Jeremy" , "Corbyn" , "Labour" ,
 "Blaydon" , "E14000574" , "Mary" , "Twist" , "Labour" ,
 "Kensington" , "E14000768" , "Emma" , "Dent Coad" , "Labour" ,
 "Eastbourne" , "E14000684" , "Stephen" , "Lloyd" , "Liberal Democrat" ,
 "Grantham and Stamford" , "E14000714" , "Nicholas" , "Boles" , "Conservative" ,
 "Uxbridge and South Ruislip" , "E14001007" , "Alexander" , "Johnson" , "Conservative" ,
 "North Norfolk" , "E14000848" , "Norman" , "Lamb" , "Liberal Democrat" ,
 "North West Leicestershire" , "E14000858" , "Andrew" , "Bridgen" , "Conservative" ,
 "Clwyd West" , "W07000059" , "David" , "Jones" , "Conservative" ,
 "Reading East" , "E14000889" , "Mathew" , "Rodda" , "Labour" ,
 "Nuneaton" , "E14000868" , "Marcus" , "Jones" , "Conservative" ,
 "South Antrim" , "N06000014" , "William" , "Girvan" , "Democratic Unionist Party" ,
 "York Outer" , "E14001062" , "Julian" , "Sturdy" , "Conservative" ,
 "Sunderland Central" , "E14000982" , "Julie " , "Elliott" , "Labour" ,
 "Worthing West" , "E14001055" , "Peter" , "Bottomley" , "Conservative" ,
 "Wells" , "E14001026" , "James" , "Heappey" , "Conservative" ,
 "South West Devon" , "E14000950" , "Gary" , "Streeter" , "Conservative" ,
 "Runnymede and Weybridge" , "E14000907" , "Philip" , "Hammond" , "Conservative" ,
 "Glasgow North East" , "S14000032" , "Paul" , "Sweeney" , "Labour" ,
 "Moray" , "S14000046" , "Douglas" , "Ross" , "Conservative" ,
 "Sleaford and North Hykeham" , "E14000929" , "Caroline" , "Johnson" , "Conservative" ,
 "Delyn" , "W07000042" , "David" , "Hanson" , "Labour" ,
 "West Ham" , "E14001032" , "Lyn" , "Brown" , "Labour" ,
 "Weston-super-Mare" , "E14001038" , "John" , "Penrose" , "Conservative" ,
 "South Ribble" , "E14000943" , "Seema" , "Kennedy" , "Conservative" ,
 "Cardiff North" , "W07000051" , "Anna" , "McMorrin" , "Labour" ,
 "Bridgend" , "W07000073" , "Madeleine" , "Moon" , "Labour" ,
 "Leeds West" , "E14000781" , "Rachel" , "Reeves" , "Labour" ,
 "Enfield, Southgate" , "E14000692" , "Charalambos" , "Charalambous" , "Labour" ,
 "Houghton and Sunderland South" , "E14000754" , "Bridget" , "Phillipson" , "Labour" ,
 "Normanton, Pontefract and Castleford" , "E14000836" , "Yvette" , "Cooper" , "Labour" ,
 "Birmingham, Selly Oak" , "E14000567" , "Stephen" , "McCabe" , "Labour" ,
 "Bristol East" , "E14000599" , "Kerry" , "McCarthy" , "Labour" ,
 "Altrincham and Sale West" , "E14000532" , "Graham" , "Brady" , "Conservative" ,
 "Calder Valley" , "E14000614" , "Craig" , "Whittaker" , "Conservative" ,
 "Filton and Bradley Stoke" , "E14000702" , "Giacomo" , "Lopresti" , "Conservative" ,
 "Liverpool, Walton" , "E14000794" , "Daniel" , "Carden" , "Labour" ,
 "Bolton North East" , "E14000578" , "David" , "Crausby" , "Labour" ,
 "Boston and Skegness" , "E14000582" , "Matthew" , "Warman" , "Conservative" ,
 "East Devon" , "E14000678" , "Hugo" , "Swire" , "Conservative" ,
 "East Hampshire" , "E14000680" , "Damian" , "Hinds" , "Conservative" ,
 "Hackney North and Stoke Newington" , "E14000720" , "Diane" , "Abbott" , "Labour" ,
 "Colchester" , "E14000644" , "William" , "Quince" , "Conservative" ,
 "Newark" , "E14000829" , "Robert" , "Jenrick" , "Conservative" ,
 "Ealing, Southall" , "E14000676" , "Virendra" , "Sharma" , "Labour" ,
 "Tamworth" , "E14000986" , "Christopher" , "Pincher" , "Conservative" ,
 "South Down" , "N06000015" , "Christopher" , "Hazzard" , "Sinn Féin" ,
 "Witney" , "E14001046" , "Robert" , "Courts" , "Conservative" ,
 "Motherwell and Wishaw" , "S14000047" , "Marion" , "Fellows" , "Scottish National Party" ,
 "Belfast North" , "N06000002" , "Nigel" , "Dodds" , "Democratic Unionist Party" ,
 "Wyre and Preston North" , "E14001057" , "Robert" , "Wallace" , "Conservative" ,
 "Reigate" , "E14000893" , "Crispin" , "Blunt" , "Conservative" ,
 "Penrith and The Border" , "E14000877" , "Roderick" , "Stewart" , "Conservative" ,
 "North Cornwall" , "E14000837" , "Scott" , "Mann" , "Conservative" ,
 "Brecon and Radnorshire" , "W07000068" , "Christopher" , "Davies" , "Conservative" ,
 "North Wiltshire" , "E14000860" , "James" , "Gray" , "Conservative" ,
 "Rushcliffe" , "E14000908" , "Kenneth" , "Clarke" , "Conservative" ,
 "Oxford East" , "E14000873" , "Anneliese" , "Dodds" , "Labour" ,
 "South Derbyshire" , "E14000935" , "Heather" , "Wheeler" , "Conservative" ,
 "Selby and Ainsty" , "E14000917" , "Nigel" , "Adams" , "Conservative" ,
 "Caithness, Sutherland and Easter Ross" , "S14000009" , "Jamie" , "Stone" , "Liberal Democrat" ,
 "Arfon" , "W07000057" , "Hywel" , "Williams" , "Plaid Cymru" ,
 "North Down" , "N06000013" , "Sylvia" , "Hermon" , "Independent" ,
 "Northampton South" , "E14000862" , "Andrew" , "Lewer" , "Conservative" ,
 "St Austell and Newquay" , "E14000961" , "Stephen" , "Double" , "Conservative" ,
 "Congleton" , "E14000646" , "Fiona" , "Bruce" , "Conservative" ,
 "Faversham and Mid Kent" , "E14000700" , "Helen" , "Whately" , "Conservative" ,
 "Eddisbury" , "E14000686" , "Antoinette" , "Sherratt (Sandbach)" , "Conservative" ,
 "Chesterfield" , "E14000632" , "Matthew" , "Perkins" , "Labour" ,
 "Derby North" , "E14000662" , "Christopher" , "Williamson" , "Labour" ,
 "Newport East" , "W07000055" , "Jessica" , "Morden" , "Labour" ,
 "Ceredigion" , "W07000064" , "Ben" , "Lake" , "Plaid Cymru" ,
 "Hemel Hempstead" , "E14000739" , "Michael" , "Penning" , "Conservative" ,
 "Ochil and South Perthshire" , "S14000050" , "Luke" , "Graham" , "Conservative" ,
 "Kingston upon Hull North" , "E14000772" , "Diana" , "Johnson" , "Labour" ,
 "Holborn and St Pancras" , "E14000750" , "Keir" , "Starmer" , "Labour" ,
 "Fermanagh and South Tyrone" , "N06000007" , "Michelle" , "Gildernew" , "Sinn Féin" ,
 "Haltemprice and Howden" , "E14000724" , "David" , "Davis" , "Conservative" ,
 "Ellesmere Port and Neston" , "E14000688" , "Justin" , "Madders" , "Labour" ,
 "Waveney" , "E14001022" , "Peter" , "Aldous" , "Conservative" ,
 "Stoke-on-Trent North" , "E14000973" , "Ruth" , "Smeeth" , "Labour" ,
 "Stoke-on-Trent South" , "E14000974" , "Jack" , "Brereton" , "Conservative" ,
 "Bath" , "E14000547" , "Wera" , "Hobhouse" , "Liberal Democrat" ,
 "Central Suffolk and North Ipswich" , "E14000624" , "Daniel" , "Poulter" , "Conservative" ,
 "Lewisham West and Penge" , "E14000788" , "Eleanor" , "Reeves" , "Labour" ,
 "North Devon" , "E14000838" , "Peter" , "Heaton-Jones" , "Conservative" ,
 "Peterborough" , "E14000878" , "Fiona" , "Onasanya" , "Labour" ,
 "Welwyn Hatfield" , "E14001027" , "Grant" , "Shapps" , "Conservative" ,
 "Cardiff Central" , "W07000050" , "Joanna" , "Stevens" , "Labour" ,
 "Bolsover" , "E14000577" , "Dennis" , "Skinner" , "Labour" ,
 "Bracknell" , "E14000586" , "Phillip" , "Lee" , "Conservative" ,
 "Oldham East and Saddleworth" , "E14000870" , "Deborah" , "Abrahams" , "Labour" ,
 "South Cambridgeshire" , "E14000934" , "Heidi-Suzanne" , "Allen" , "Conservative" ,
 "Birmingham, Edgbaston" , "E14000560" , "Preet" , "Gill" , "Labour" ,
 "Manchester, Withington" , "E14000809" , "Jeffrey" , "Smith" , "Labour" ,
 "Westminster North" , "E14001036" , "Karen" , "Buck" , "Labour" ,
 "Rayleigh and Wickford" , "E14000888" , "Mark" , "Francois" , "Conservative" ,
 "Norwich North" , "E14000863" , "Chloe" , "Smith" , "Conservative" ,
 "Ogmore" , "W07000074" , "Christopher" , "Elmore" , "Labour" ,
 "Wigan" , "E14001039" , "Lisa" , "Nandy" , "Labour" ,
 "Stirling" , "S14000057" , "Stephen" , "Kerr" , "Conservative" ,
 "Lanark and Hamilton East" , "S14000042" , "Angela" , "Crawley" , "Scottish National Party" ,
 "Maidenhead" , "E14000803" , "Theresa" , "May" , "Conservative" ,
 "Llanelli" , "W07000045" , "Nia" , "Griffith" , "Labour" ,
 "The Cotswolds" , "E14000991" , "Geoffrey" , "Clifton-Brown" , "Conservative" ,
 "North Thanet" , "E14000852" , "Roger" , "Gale" , "Conservative" ,
 "Ross, Skye and Lochaber" , "S14000055" , "Ian" , "Blackford" , "Scottish National Party" ,
 "Neath" , "W07000069" , "Christina" , "Rees" , "Labour" ,
 "Mid Worcestershire" , "E14000818" , "Nigel" , "Huddleston" , "Conservative" ,
 "Chichester" , "E14000633" , "Gillian" , "Keegan" , "Conservative" ,
 "Cities of London and Westminster" , "E14000639" , "Mark" , "Field" , "Conservative" ,
 "Hyndburn" , "E14000758" , "Graham" , "Jones" , "Labour" ,
 "Clacton" , "E14000642" , "Giles" , "Watling" , "Conservative" ,
 "Bootle" , "E14000581" , "Peter" , "Dowd" , "Labour" ,
 "Bosworth" , "E14000583" , "David" , "Tredinnick" , "Conservative" ,
 "Barnsley East" , "E14000542" , "Stephanie" , "Peacock" , "Labour" ,
 "Maidstone and The Weald" , "E14000804" , "Helen" , "Grant" , "Conservative" ,
 "Cheltenham" , "E14000630" , "Alexander" , "Chalk" , "Conservative" ,
 "Hendon" , "E14000741" , "Matthew" , "Offord" , "Conservative" ,
 "Bromsgrove" , "E14000605" , "Sajid" , "Javid" , "Conservative" ,
 "Hemsworth" , "E14000740" , "Jon" , "Trickett" , "Labour" ,
 "Bassetlaw" , "E14000546" , "John" , "Mann" , "Labour" ,
 "Feltham and Heston" , "E14000701" , "Seema" , "Malhotra-Saluja" , "Labour" ,
 "Manchester Central" , "E14000807" , "Lucy" , "Powell" , "Labour" ,
 "Enfield North" , "E14000691" , "Joan" , "Ryan" , "Labour" ,
 "East Ham" , "E14000679" , "Stephen" , "Timms" , "Labour" ,
 "Lagan Valley" , "N06000009" , "Jeffrey" , "Donaldson" , "Democratic Unionist Party" ,
 "South Norfolk" , "E14000941" , "Richard" , "Bacon" , "Conservative" ,
 "Dundee West" , "S14000016" , "Christopher" , "Law" , "Scottish National Party" ,
 "Warrington South" , "E14001018" , "Mian" , "Rashid" , "Labour" ,
 "Taunton Deane" , "E14000988" , "Rebecca" , "Clark (Pow)" , "Conservative" ,
 "Salisbury" , "E14000912" , "John" , "Glen" , "Conservative" ,
 "Tunbridge Wells" , "E14001004" , "Gregory" , "Clark" , "Conservative" ,
 "North Somerset" , "E14000850" , "Liam" , "Fox" , "Conservative" ,
 "Plymouth, Moor View" , "E14000879" , "Johnny" , "Mercer" , "Conservative" ,
 "Glasgow South West" , "S14000035" , "Christopher" , "Stephens" , "Scottish National Party" ,
 "Sheffield, Hallam" , "E14000922" , "Jared" , "O'Mara" , "Independent" ,
 "Torridge and West Devon" , "E14001000" , "Charles" , "Cox" , "Conservative" ,
 "North East Somerset" , "E14000846" , "Jacob" , "Rees-Mogg" , "Conservative" ,
 "Cardiff South and Penarth" , "W07000080" , "Stephen" , "Doughty" , "Labour" ,
 "Weaver Vale" , "E14001024" , "Michael" , "Amesbury" , "Labour" ,
 "Sedgefield" , "E14000915" , "Philip" , "Wilson" , "Labour" ,
 "Paisley and Renfrewshire South" , "S14000053" , "Mhairi" , "Black" , "Scottish National Party" ,
 "North Shropshire" , "E14000849" , "Owen" , "Paterson" , "Conservative" ,
 "Glasgow Central" , "S14000029" , "Alison" , "Thewliss" , "Scottish National Party" ,
 "Worsley and Eccles South" , "E14001054" , "Barbara" , "Keeley" , "Labour" ,
 "Aberconwy" , "W07000058" , "Guto" , "Bebb" , "Conservative" ,
 "Rochester and Strood" , "E14000898" , "Kelly" , "Tolhurst" , "Conservative" ,
 "Islwyn" , "W07000077" , "Christopher" , "Evans" , "Labour" ,
 "Mid Bedfordshire" , "E14000813" , "Nadine" , "Dorries" , "Conservative" ,
 "Hastings and Rye" , "E14000735" , "Amber" , "Rudd" , "Conservative" ,
 "Leigh" , "E14000785" , "Joanne" , "Platt" , "Labour" ,
 "Doncaster North" , "E14000669" , "Edward" , "Miliband" , "Labour" ,
 "Bolton West" , "E14000580" , "Christopher" , "Green" , "Conservative" ,
 "Bristol South" , "E14000601" , "Karin" , "Smyth" , "Labour" ,
 "Aldridge-Brownhills" , "E14000531" , "Wendy" , "Morton" , "Conservative" ,
 "City of Durham" , "E14000641" , "Roberta" , "Blackman-Woods" , "Labour" ,
 "Guildford" , "E14000719" , "Anne" , "Milton" , "Conservative" ,
 "East Worthing and Shoreham" , "E14000682" , "Timothy" , "Loughton" , "Conservative" ,
 "Kingston and Surbiton" , "E14000770" , "Edward" , "Davey" , "Liberal Democrat" ,
 "Isle of Wight" , "E14000762" , "Robert" , "Seely" , "Conservative" ,
 "Braintree" , "E14000590" , "James" , "Cleverly" , "Conservative" ,
 "Dartford" , "E14000659" , "Gareth" , "Johnson" , "Conservative" ,
 "Gainsborough" , "E14000707" , "Edward" , "Leigh" , "Conservative" ,
 "Bradford West" , "E14000589" , "Naseem" , "Shah" , "Labour" ,
 "Southend West" , "E14000957" , "David" , "Amess" , "Conservative" ,
 "Wyre Forest" , "E14001058" , "Mark" , "Garnier" , "Conservative" ,
 "Aberdeen South" , "S14000002" , "Ross" , "Thomson" , "Conservative" ,
 "Wealden" , "E14001023" , "Nusrat" , "Ul-Ghani" , "Conservative" ,
 "Sheffield South East" , "E14000920" , "Clive" , "Betts" , "Labour" ,
 "Sutton Coldfield" , "E14000985" , "Andrew" , "Mitchell" , "Conservative" ,
 "Glasgow East" , "S14000030" , "David" , "Linden" , "Scottish National Party" ,
 "North West Hampshire" , "E14000857" , "Christopher" , "Malthouse" , "Conservative" ,
 "Belfast West" , "N06000004" , "Paul" , "Maskey" , "Sinn Féin" ,
 "Saffron Walden" , "E14000910" , "Olukemi" , "Badenoch" , "Conservative" ,
 "Newton Abbot" , "E14000835" , "Anne Marie" , "Morris" , "Conservative" ,
 "Sheffield, Brightside and Hillsborough" , "E14000921" , "Gillian" , "Furniss" , "Labour" ,
 "Morley and Outwood" , "E14000826" , "Andrea" , "Jenkyns" , "Conservative" ,
 "Vale of Glamorgan" , "W07000078" , "Alun" , "Cairns" , "Conservative" ,
 "Warley" , "E14001016" , "John" , "Spellar" , "Labour" ,
 "Skipton and Ripon" , "E14000928" , "Julian" , "Smith" , "Conservative" ,
 "Foyle" , "N06000008" , "Elisha" , "McCallion" , "Sinn Féin" ,
 "Beckenham" , "E14000551" , "Robert" , "Stewart" , "Conservative" ,
 "Ealing North" , "E14000675" , "Stephen" , "Pound" , "Labour" ,
 "Angus" , "S14000004" , "Kirstene" , "Hair" , "Conservative" ,
 "Rochdale" , "E14000897" , "Anthony" , "Lloyd" , "Labour" ,
 "Thirsk and Malton" , "E14000993" , "Kevin" , "Hollinrake" , "Conservative" ,
 "Torfaen" , "W07000053" , "Nicklaus" , "Thomas-Symonds" , "Labour" ,
 "Cynon Valley" , "W07000070" , "Ann" , "Clwyd" , "Labour" ,
 "North East Bedfordshire" , "E14000841" , "Alistair" , "Burt" , "Conservative" ,
 "Birmingham, Erdington" , "E14000561" , "John" , "Dromey" , "Labour" ,
 "Denton and Reddish" , "E14000661" , "Andrew" , "Gwynne" , "Labour" ,
 "Gateshead" , "E14000709" , "James" , "Mearns" , "Labour" ,
 "Dudley South" , "E14000672" , "Michael" , "Wood" , "Conservative" ,
 "Leeds Central" , "E14000777" , "Hilary" , "Benn" , "Labour" ,
 "Birmingham, Yardley" , "E14000568" , "Jessica" , "Phillips" , "Labour" ,
 "Jarrow" , "E14000765" , "Stephen" , "Hepburn" , "Labour" ,
 "Greenwich and Woolwich" , "E14000718" , "Matthew" , "Pennycook" , "Labour" ,
 "Beverley and Holderness" , "E14000556" , "Graham" , "Stuart" , "Conservative" ,
 "Ashford" , "E14000536" , "Damian" , "Green" , "Conservative" ,
 "Bournemouth West" , "E14000585" , "Conor" , "Burns" , "Conservative" ,
 "Broxbourne" , "E14000606" , "Charles" , "Walker" , "Conservative" ,
 "Ipswich" , "E14000761" , "Alexander" , "Martin" , "Labour" ,
 "Maldon" , "E14000806" , "John" , "Whittingdale" , "Conservative" ,
 "Liverpool, Riverside" , "E14000793" , "Louise" , "Ellman" , "Labour" ,
 "Camborne and Redruth" , "E14000616" , "Charles" , "Eustice" , "Conservative" ,
 "Crawley" , "E14000652" , "Henry" , "Smith" , "Conservative" ,
 "Gillingham and Rainham" , "E14000711" , "Atta-Ur-Rehman" , "Chishti" , "Conservative" ,
 "Darlington" , "E14000658" , "Jennifer" , "Chapman" , "Labour" ,
 "North Durham" , "E14000840" , "Kevan" , "Jones" , "Labour" ,
 "Plymouth, Sutton and Devonport" , "E14000880" , "Luke" , "Pollard" , "Labour" ,
 "Middlesbrough South and East Cleveland" , "E14000820" , "Simon" , "Clarke" , "Conservative" ,
 "Glasgow North" , "S14000031" , "Patrick" , "Grady" , "Scottish National Party" ,
 "Stone" , "E14000975" , "William" , "Cash" , "Conservative" ,
 "Tiverton and Honiton" , "E14000996" , "Neil" , "Parish" , "Conservative" ,
 "Southport" , "E14000958" , "Damien" , "Moore" , "Conservative" ,
 "Coatbridge, Chryston and Bellshill" , "S14000011" , "Hugh" , "Gaffney" , "Labour" ,
 "Wirral West" , "E14001044" , "Margaret" , "Greenwood" , "Labour" ,
 "Na h-Eileanan an Iar" , "S14000027" , "Angus" , "MacNeil" , "Scottish National Party" ,
 "South West Wiltshire" , "E14000954" , "Andrew" , "Murrison" , "Conservative" ,
 "Richmond Park" , "E14000896" , "Frank" , "Goldsmith" , "Conservative" ,
 "Tatton" , "E14000987" , "Esther" , "McVey" , "Conservative" ,
 "South Northamptonshire" , "E14000942" , "Andrea" , "Leadsom" , "Conservative" ,
 "Walsall North" , "E14001011" , "Edmund" , "Hughes" , "Conservative" ,
 "Rutherglen and Hamilton West" , "S14000056" , "Gerard" , "Killen" , "Labour" ,
 "Windsor" , "E14001042" , "Adam" , "Afriyie" , "Conservative" ,
 "Ayr, Carrick and Cumnock" , "S14000006" , "William" , "Grant" , "Conservative" ,
 "West Lancashire" , "E14001033" , "Rosemary" , "Cooper" , "Labour" ,
 "St Helens South and Whiston" , "E14000963" , "Marie" , "Rimmer" , "Labour" ,
 "Newport West" , "W07000056" , "Paul" , "Flynn" , "Labour" ,
 "Wrexham" , "W07000044" , "Ian" , "Lucas" , "Labour" ,
