LGD2014NAME,SOA2001,rank
Antrim and Newtownabbey,95AA01S1,516
Antrim and Newtownabbey,95AA01S2,749
Antrim and Newtownabbey,95AA01S3,658
Antrim and Newtownabbey,95AA02W1,439
Antrim and Newtownabbey,95AA03W1,259
Antrim and Newtownabbey,95AA04W1,594
Antrim and Newtownabbey,95AA05W1,613
Antrim and Newtownabbey,95AA06S1,574
Antrim and Newtownabbey,95AA06S2,565
Antrim and Newtownabbey,95AA07W1,569
Antrim and Newtownabbey,95AA08W1,178
Antrim and Newtownabbey,95AA09W1,330
Antrim and Newtownabbey,95AA10W1,285
Antrim and Newtownabbey,95AA11S1,670
Antrim and Newtownabbey,95AA11S2,801
Antrim and Newtownabbey,95AA12W1,706
Antrim and Newtownabbey,95AA13S1,643
Antrim and Newtownabbey,95AA13S2,676
Antrim and Newtownabbey,95AA14W1,604
Antrim and Newtownabbey,95AA15S1,623
Antrim and Newtownabbey,95AA15S2,247
Antrim and Newtownabbey,95AA16W1,308
Antrim and Newtownabbey,95AA17W1,420
Antrim and Newtownabbey,95AA18W1,758
Antrim and Newtownabbey,95AA19W1,437
Ards and North Down,95BB01S1,744
Ards and North Down,95BB01S2,701
Ards and North Down,95BB02W1,240
Ards and North Down,95BB03S1,223
Ards and North Down,95BB03S2,374
Ards and North Down,95BB04S1,467
Ards and North Down,95BB04S2,743
Ards and North Down,95BB05S1,506
Ards and North Down,95BB05S2,548
Ards and North Down,95BB06W1,99
Ards and North Down,95BB07S1,325
Ards and North Down,95BB07S2,696
Ards and North Down,95BB08S1,303
Ards and North Down,95BB08S2,741
Ards and North Down,95BB09S1,704
Ards and North Down,95BB09S2,795
Ards and North Down,95BB10S1,508
Ards and North Down,95BB10S2,750
Ards and North Down,95BB11S1,199
Ards and North Down,95BB11S2,597
Ards and North Down,95BB12S1,97
Ards and North Down,95BB12S2,683
Ards and North Down,95BB13S1,339
Ards and North Down,95BB13S2,345
Ards and North Down,95BB13S3,721
Ards and North Down,95BB14S1,564
Ards and North Down,95BB14S2,719
Ards and North Down,95BB15S1,448
Ards and North Down,95BB15S2,263
Ards and North Down,95BB16S1,770
Ards and North Down,95BB16S2,698
Ards and North Down,95BB17S1,501
Ards and North Down,95BB17S2,524
Ards and North Down,95BB18S1,306
Ards and North Down,95BB18S2,635
Ards and North Down,95BB19S1,528
Ards and North Down,95BB19S2,765
Ards and North Down,95BB19S3,850
Ards and North Down,95BB20S1,402
Ards and North Down,95BB20S2,219
Ards and North Down,95BB21S1,225
Ards and North Down,95BB21S2,472
Ards and North Down,95BB22S1,231
Ards and North Down,95BB22S2,71
Ards and North Down,95BB23S1,803
Ards and North Down,95BB23S2,828
"Armagh City, Banbridge and Craigavon",95CC01W1,424
"Armagh City, Banbridge and Craigavon",95CC02W1,498
"Armagh City, Banbridge and Craigavon",95CC03W1,61
"Armagh City, Banbridge and Craigavon",95CC04W1,273
"Armagh City, Banbridge and Craigavon",95CC05W1,403
"Armagh City, Banbridge and Craigavon",95CC06S1,718
"Armagh City, Banbridge and Craigavon",95CC06S2,521
"Armagh City, Banbridge and Craigavon",95CC07W1,212
"Armagh City, Banbridge and Craigavon",95CC08W1,288
"Armagh City, Banbridge and Craigavon",95CC09S1,657
"Armagh City, Banbridge and Craigavon",95CC09S2,651
"Armagh City, Banbridge and Craigavon",95CC10W1,680
"Armagh City, Banbridge and Craigavon",95CC11W1,125
"Armagh City, Banbridge and Craigavon",95CC12W1,443
"Armagh City, Banbridge and Craigavon",95CC13W1,432
"Armagh City, Banbridge and Craigavon",95CC14W1,588
"Armagh City, Banbridge and Craigavon",95CC15W1,505
"Armagh City, Banbridge and Craigavon",95CC16W1,310
"Armagh City, Banbridge and Craigavon",95CC17W1,600
"Armagh City, Banbridge and Craigavon",95CC18W1,426
"Armagh City, Banbridge and Craigavon",95CC19W1,294
"Armagh City, Banbridge and Craigavon",95CC20S1,786
"Armagh City, Banbridge and Craigavon",95CC20S2,637
"Armagh City, Banbridge and Craigavon",95CC21W1,353
"Armagh City, Banbridge and Craigavon",95CC22W1,269
Mid and East Antrim,95DD01W1,681
Mid and East Antrim,95DD02S1,598
Mid and East Antrim,95DD02S2,778
Mid and East Antrim,95DD03W1,817
Mid and East Antrim,95DD04W1,85
Mid and East Antrim,95DD05W1,110
Mid and East Antrim,95DD06W1,874
Mid and East Antrim,95DD07S1,691
Mid and East Antrim,95DD07S2,717
Mid and East Antrim,95DD08W1,183
Mid and East Antrim,95DD09W1,590
Mid and East Antrim,95DD10W1,538
Mid and East Antrim,95DD11W1,154
Mid and East Antrim,95DD12W1,591
Mid and East Antrim,95DD13W1,222
Mid and East Antrim,95DD14S1,794
Mid and East Antrim,95DD14S2,869
Mid and East Antrim,95DD15W1,679
Mid and East Antrim,95DD16W1,642
Mid and East Antrim,95DD17W1,648
Mid and East Antrim,95DD18W1,228
Mid and East Antrim,95DD19S1,518
Mid and East Antrim,95DD19S2,692
Mid and East Antrim,95DD20W1,91
Mid and East Antrim,95DD21W1,537
Mid and East Antrim,95DD22S1,596
Mid and East Antrim,95DD22S2,342
Mid and East Antrim,95DD23W1,484
Mid and East Antrim,95DD24W1,734
Causeway Coast and Glens,95EE01W1,387
Causeway Coast and Glens,95EE02W1,382
Causeway Coast and Glens,95EE03W1,302
Causeway Coast and Glens,95EE04W1,483
Causeway Coast and Glens,95EE05W1,349
Causeway Coast and Glens,95EE06W1,581
Causeway Coast and Glens,95EE07W1,488
Causeway Coast and Glens,95EE08W1,677
Causeway Coast and Glens,95EE09W1,546
Causeway Coast and Glens,95EE10W1,566
Causeway Coast and Glens,95EE11W1,575
Causeway Coast and Glens,95EE12W1,204
Causeway Coast and Glens,95EE13W1,197
Causeway Coast and Glens,95EE14W1,533
Causeway Coast and Glens,95EE15W1,552
Causeway Coast and Glens,95EE16W1,444
"Armagh City, Banbridge and Craigavon",95FF01S1,806
"Armagh City, Banbridge and Craigavon",95FF01S2,805
"Newry, Mourne and Down",95FF02W1,233
"Armagh City, Banbridge and Craigavon",95FF03W1,430
"Armagh City, Banbridge and Craigavon",95FF04W1,411
"Armagh City, Banbridge and Craigavon",95FF05W1,502
"Armagh City, Banbridge and Craigavon",95FF06S1,785
"Armagh City, Banbridge and Craigavon",95FF06S2,797
"Armagh City, Banbridge and Craigavon",95FF07W1,224
"Armagh City, Banbridge and Craigavon",95FF08W1,503
"Armagh City, Banbridge and Craigavon",95FF09W1,347
"Armagh City, Banbridge and Craigavon",95FF10W1,520
"Armagh City, Banbridge and Craigavon",95FF11W1,449
"Armagh City, Banbridge and Craigavon",95FF12W1,496
"Armagh City, Banbridge and Craigavon",95FF13W1,485
"Armagh City, Banbridge and Craigavon",95FF14W1,639
"Armagh City, Banbridge and Craigavon",95FF15W1,328
"Armagh City, Banbridge and Craigavon",95FF16W1,672
"Armagh City, Banbridge and Craigavon",95FF17W1,120
Belfast,95GG01S1,388
Belfast,95GG01S2,198
Belfast,95GG01S3,320
Belfast,95GG02S1,16
Belfast,95GG02S2,4
Belfast,95GG02S3,9
Belfast,95GG03S1,811
Belfast,95GG03S2,823
Belfast,95GG03S3,601
Belfast,95GG04S1,95
Belfast,95GG04S2,78
Belfast,95GG04S3,40
Belfast,95GG05S1,579
Belfast,95GG05S2,652
Belfast,95GG05S3,270
Belfast,95GG06S1,109
Belfast,95GG06S2,268
Belfast,95GG06S3,433
Belfast,95GG07S1,121
Belfast,95GG07S2,66
Belfast,95GG07S3,181
Belfast,95GG08S1,570
Belfast,95GG08S2,123
Belfast,95GG08S3,315
Belfast,95GG09S1,890
Belfast,95GG09S2,747
Belfast,95GG09S3,401
Belfast,95GG10S1,58
Belfast,95GG10S2,102
Belfast,95GG11S1,139
Belfast,95GG11S2,656
Belfast,95GG11S3,215
Belfast,95GG12S1,580
Belfast,95GG12S2,457
Belfast,95GG12S3,481
Belfast,95GG12S4,189
Belfast,95GG12S5,79
Belfast,95GG13S1,119
Belfast,95GG13S2,711
Belfast,95GG13S3,463
Belfast,95GG14S1,819
Belfast,95GG14S2,736
Belfast,95GG14S3,848
Belfast,95GG15S1,873
Belfast,95GG15S2,885
Belfast,95GG15S3,640
Belfast,95GG16S1,122
Belfast,95GG16S2,377
Belfast,95GG16S3,559
Belfast,95GG17S1,98
Belfast,95GG17S2,515
Belfast,95GG17S3,150
Belfast,95GG18S1,50
Belfast,95GG18S2,55
Belfast,95GG19S1,24
Belfast,95GG19S2,21
Belfast,95GG20S1,49
Belfast,95GG20S2,53
Belfast,95GG21S1,41
Belfast,95GG21S2,30
Belfast,95GG21S3,29
Belfast,95GG22S1,297
Belfast,95GG22S2,393
Belfast,95GG22S3,338
Belfast,95GG23S1,856
Belfast,95GG23S2,854
Belfast,95GG23S3,859
Belfast,95GG24S1,685
Belfast,95GG24S2,298
Belfast,95GG24S3,611
Belfast,95GG25S1,185
Belfast,95GG25S2,267
Belfast,95GG25S3,158
Belfast,95GG26S1,87
Belfast,95GG26S2,136
Belfast,95GG27S1,391
Belfast,95GG27S2,131
Belfast,95GG27S3,162
Belfast,95GG27S4,116
Belfast,95GG28S1,522
Belfast,95GG28S2,343
Belfast,95GG28S3,60
Belfast,95GG29S1,140
Belfast,95GG29S2,350
Belfast,95GG30S1,384
Belfast,95GG30S2,882
Belfast,95GG30S3,841
Belfast,95GG31S1,763
Belfast,95GG31S2,368
Belfast,95GG31S3,76
Belfast,95GG32S1,161
Belfast,95GG32S2,88
Belfast,95GG32S3,386
Belfast,95GG33S1,849
Belfast,95GG33S2,875
Belfast,95GG33S3,773
Belfast,95GG34S1,256
Belfast,95GG34S2,757
Belfast,95GG34S3,820
Belfast,95GG35S1,25
Belfast,95GG35S2,7
Belfast,95GG35S3,32
Belfast,95GG36S1,667
Belfast,95GG36S2,834
Belfast,95GG36S3,813
Belfast,95GG37S1,833
Belfast,95GG37S2,668
Belfast,95GG37S3,730
Belfast,95GG38S1,846
Belfast,95GG38S2,707
Belfast,95GG38S3,881
Belfast,95GG39S1,163
Belfast,95GG39S2,146
Belfast,95GG39S3,67
Belfast,95GG40S1,28
Belfast,95GG40S2,18
Belfast,95GG41S1,866
Belfast,95GG41S2,889
Belfast,95GG41S3,876
Belfast,95GG42S1,887
Belfast,95GG42S2,888
Belfast,95GG42S3,832
Belfast,95GG42S4,879
Belfast,95GG43S1,318
Belfast,95GG43S2,627
Belfast,95GG43S3,456
Belfast,95GG44S1,80
Belfast,95GG44S2,64
Belfast,95GG45S1,843
Belfast,95GG45S2,159
Belfast,95GG45S3,720
Belfast,95GG46S1,82
Belfast,95GG46S2,77
Belfast,95GG46S3,48
Belfast,95GG47S1,15
Belfast,95GG47S2,2
Belfast,95GG47S3,56
Belfast,95GG48S1,74
Belfast,95GG48S2,23
Belfast,95GG48S3,35
Belfast,95GG49S1,822
Belfast,95GG49S2,790
Belfast,95GG49S3,482
Belfast,95GG49S4,556
Belfast,95GG50S1,155
Belfast,95GG50S2,128
Belfast,95GG50S3,96
Belfast,95GG51S1,8
Belfast,95GG51S2,12
Belfast,95GG51S3,17
Mid and East Antrim,95HH01W1,605
Mid and East Antrim,95HH02S1,766
Mid and East Antrim,95HH02S2,810
Mid and East Antrim,95HH03W1,791
Mid and East Antrim,95HH04S1,774
Mid and East Antrim,95HH04S2,829
Mid and East Antrim,95HH05W1,286
Mid and East Antrim,95HH06S1,752
Mid and East Antrim,95HH06S2,617
Mid and East Antrim,95HH07W1,276
Mid and East Antrim,95HH08W1,783
Mid and East Antrim,95HH09W1,252
Mid and East Antrim,95HH10W1,865
Mid and East Antrim,95HH11W1,173
Mid and East Antrim,95HH12W1,536
Mid and East Antrim,95HH13W1,65
Mid and East Antrim,95HH14W1,230
Mid and East Antrim,95HH15W1,609
Mid and East Antrim,95HH16W1,699
Mid and East Antrim,95HH17W1,644
Lisburn and Castlereagh,95II01S1,784
Lisburn and Castlereagh,95II01S2,827
Lisburn and Castlereagh,95II02S1,853
Lisburn and Castlereagh,95II02S2,733
Belfast,95II02S3,549
Lisburn and Castlereagh,95II03S1,880
Lisburn and Castlereagh,95II03S2,845
Lisburn and Castlereagh,95II04S1,860
Lisburn and Castlereagh,95II04S2,511
Lisburn and Castlereagh,95II05S1,814
Lisburn and Castlereagh,95II05S2,725
Lisburn and Castlereagh,95II06S1,851
Lisburn and Castlereagh,95II06S2,872
Belfast,95II07W1,241
Belfast,95II08W1,687
Lisburn and Castlereagh,95II09S1,807
Lisburn and Castlereagh,95II09S2,838
Lisburn and Castlereagh,95II10W1,371
Lisburn and Castlereagh,95II11W1,883
Belfast,95II12W1,877
Lisburn and Castlereagh,95II13W1,410
Belfast,95II14W1,884
Lisburn and Castlereagh,95II15S1,870
Lisburn and Castlereagh,95II15S2,867
Belfast,95II16W1,615
Belfast,95II17W1,641
Belfast,95II18W1,293
Lisburn and Castlereagh,95II19S1,821
Lisburn and Castlereagh,95II19S2,740
Lisburn and Castlereagh,95II20W1,815
Belfast,95II21W1,248
Belfast,95II22W1,614
Belfast,95II23W1,836
Causeway Coast and Glens,95JJ01W1,550
Causeway Coast and Glens,95JJ02W1,213
Causeway Coast and Glens,95JJ03S1,31
Causeway Coast and Glens,95JJ03S2,160
Causeway Coast and Glens,95JJ04S1,373
Causeway Coast and Glens,95JJ04S2,450
Causeway Coast and Glens,95JJ05W1,137
Causeway Coast and Glens,95JJ06W1,172
Causeway Coast and Glens,95JJ07W1,157
Causeway Coast and Glens,95JJ08S1,337
Causeway Coast and Glens,95JJ08S2,793
Causeway Coast and Glens,95JJ09W1,547
Causeway Coast and Glens,95JJ10W1,272
Causeway Coast and Glens,95JJ11S1,626
Causeway Coast and Glens,95JJ11S2,593
Causeway Coast and Glens,95JJ12W1,407
Causeway Coast and Glens,95JJ13S1,542
Causeway Coast and Glens,95JJ13S2,665
Causeway Coast and Glens,95JJ14W1,458
Causeway Coast and Glens,95JJ15W1,471
Causeway Coast and Glens,95JJ16W1,253
Causeway Coast and Glens,95JJ17W1,341
Causeway Coast and Glens,95JJ18W1,105
Causeway Coast and Glens,95JJ19S1,835
Causeway Coast and Glens,95JJ19S2,861
Causeway Coast and Glens,95JJ20S1,592
Causeway Coast and Glens,95JJ20S2,539
Causeway Coast and Glens,95JJ21W1,398
Causeway Coast and Glens,95JJ22W1,708
Mid Ulster,95KK01W1,206
Mid Ulster,95KK02W1,492
Mid Ulster,95KK03W1,271
Mid Ulster,95KK04W1,404
Mid Ulster,95KK05W1,314
Mid Ulster,95KK06W1,254
Mid Ulster,95KK07W1,434
Mid Ulster,95KK08W1,406
Mid Ulster,95KK09W1,390
Mid Ulster,95KK10W1,397
Mid Ulster,95KK11W1,296
Mid Ulster,95KK12W1,167
Mid Ulster,95KK13W1,478
Mid Ulster,95KK14W1,408
Mid Ulster,95KK15W1,531
Mid Ulster,95KK16W1,561
"Armagh City, Banbridge and Craigavon",95LL01S1,649
"Armagh City, Banbridge and Craigavon",95LL01S2,684
"Armagh City, Banbridge and Craigavon",95LL02S1,583
"Armagh City, Banbridge and Craigavon",95LL02S2,73
"Armagh City, Banbridge and Craigavon",95LL03W1,200
"Armagh City, Banbridge and Craigavon",95LL04W1,412
"Armagh City, Banbridge and Craigavon",95LL05S1,825
"Armagh City, Banbridge and Craigavon",95LL05S2,631
"Armagh City, Banbridge and Craigavon",95LL06S1,423
"Armagh City, Banbridge and Craigavon",95LL06S2,447
"Armagh City, Banbridge and Craigavon",95LL07W1,62
"Armagh City, Banbridge and Craigavon",95LL08S1,129
"Armagh City, Banbridge and Craigavon",95LL08S2,108
"Armagh City, Banbridge and Craigavon",95LL09S1,54
"Armagh City, Banbridge and Craigavon",95LL09S2,179
"Armagh City, Banbridge and Craigavon",95LL10S1,697
"Armagh City, Banbridge and Craigavon",95LL10S2,608
"Armagh City, Banbridge and Craigavon",95LL11S1,519
"Armagh City, Banbridge and Craigavon",95LL11S2,727
"Armagh City, Banbridge and Craigavon",95LL12S1,208
"Armagh City, Banbridge and Craigavon",95LL12S2,52
"Armagh City, Banbridge and Craigavon",95LL13S1,262
"Armagh City, Banbridge and Craigavon",95LL13S2,81
"Armagh City, Banbridge and Craigavon",95LL14S1,83
"Armagh City, Banbridge and Craigavon",95LL14S2,351
"Armagh City, Banbridge and Craigavon",95LL15S1,427
"Armagh City, Banbridge and Craigavon",95LL15S2,682
"Armagh City, Banbridge and Craigavon",95LL16S1,780
"Armagh City, Banbridge and Craigavon",95LL16S2,616
"Armagh City, Banbridge and Craigavon",95LL17W1,468
"Armagh City, Banbridge and Craigavon",95LL18S1,678
"Armagh City, Banbridge and Craigavon",95LL18S2,775
"Armagh City, Banbridge and Craigavon",95LL19S1,746
"Armagh City, Banbridge and Craigavon",95LL19S2,689
"Armagh City, Banbridge and Craigavon",95LL20W1,301
"Armagh City, Banbridge and Craigavon",95LL21W1,417
"Armagh City, Banbridge and Craigavon",95LL22W1,332
"Armagh City, Banbridge and Craigavon",95LL23W1,164
"Armagh City, Banbridge and Craigavon",95LL24S1,534
"Armagh City, Banbridge and Craigavon",95LL24S2,577
"Armagh City, Banbridge and Craigavon",95LL25S1,715
"Armagh City, Banbridge and Craigavon",95LL25S2,767
"Armagh City, Banbridge and Craigavon",95LL26S1,14
"Armagh City, Banbridge and Craigavon",95LL26S2,772
Derry City and Strabane,95MM01S1,101
Derry City and Strabane,95MM01S2,545
Derry City and Strabane,95MM01S3,525
Derry City and Strabane,95MM02S1,621
Derry City and Strabane,95MM02S2,808
Derry City and Strabane,95MM03W1,245
Derry City and Strabane,95MM04W1,196
Derry City and Strabane,95MM05W1,13
Derry City and Strabane,95MM06S1,226
Derry City and Strabane,95MM06S2,59
Derry City and Strabane,95MM07W1,287
Derry City and Strabane,95MM08S1,43
Derry City and Strabane,95MM08S2,633
Derry City and Strabane,95MM09S1,490
Derry City and Strabane,95MM09S2,340
Derry City and Strabane,95MM10S1,10
Derry City and Strabane,95MM10S2,69
Derry City and Strabane,95MM11W1,33
Derry City and Strabane,95MM12S1,142
Derry City and Strabane,95MM12S2,3
Derry City and Strabane,95MM12S3,149
Derry City and Strabane,95MM13S1,650
Derry City and Strabane,95MM13S2,22
Derry City and Strabane,95MM13S3,130
Derry City and Strabane,95MM13S4,300
Derry City and Strabane,95MM13S5,738
Derry City and Strabane,95MM14S1,416
Derry City and Strabane,95MM14S2,38
Derry City and Strabane,95MM15S1,421
Derry City and Strabane,95MM15S2,636
Derry City and Strabane,95MM16S1,180
Derry City and Strabane,95MM16S2,634
Derry City and Strabane,95MM17S1,713
Derry City and Strabane,95MM17S2,229
Derry City and Strabane,95MM18S1,470
Derry City and Strabane,95MM18S2,603
Derry City and Strabane,95MM19S1,630
Derry City and Strabane,95MM19S2,415
Derry City and Strabane,95MM20S1,274
Derry City and Strabane,95MM20S2,513
Derry City and Strabane,95MM21S1,278
Derry City and Strabane,95MM21S2,739
Derry City and Strabane,95MM22S1,419
Derry City and Strabane,95MM22S2,755
Derry City and Strabane,95MM23W1,68
Derry City and Strabane,95MM24W1,86
Derry City and Strabane,95MM25S1,19
Derry City and Strabane,95MM25S2,27
Derry City and Strabane,95MM25S3,51
Derry City and Strabane,95MM25S4,327
Derry City and Strabane,95MM26S1,144
Derry City and Strabane,95MM26S2,578
Derry City and Strabane,95MM27S1,5
Derry City and Strabane,95MM27S2,405
Derry City and Strabane,95MM28W1,6
Derry City and Strabane,95MM29W1,153
Derry City and Strabane,95MM30W1,45
"Newry, Mourne and Down",95NN01S1,176
"Newry, Mourne and Down",95NN01S2,305
"Newry, Mourne and Down",95NN02W1,599
"Newry, Mourne and Down",95NN03S1,396
"Newry, Mourne and Down",95NN03S2,475
"Newry, Mourne and Down",95NN04W1,115
"Newry, Mourne and Down",95NN05W1,283
"Newry, Mourne and Down",95NN06S1,235
"Newry, Mourne and Down",95NN06S2,455
"Newry, Mourne and Down",95NN07S1,352
"Newry, Mourne and Down",95NN07S2,106
"Newry, Mourne and Down",95NN08S1,669
"Newry, Mourne and Down",95NN08S2,660
"Newry, Mourne and Down",95NN09S1,716
"Newry, Mourne and Down",95NN09S2,464
"Newry, Mourne and Down",95NN10S1,442
"Newry, Mourne and Down",95NN10S2,671
"Newry, Mourne and Down",95NN11S1,364
"Newry, Mourne and Down",95NN11S2,629
"Newry, Mourne and Down",95NN12W1,321
"Newry, Mourne and Down",95NN13W1,666
"Newry, Mourne and Down",95NN14S1,217
"Newry, Mourne and Down",95NN14S2,261
"Newry, Mourne and Down",95NN15W1,381
"Newry, Mourne and Down",95NN16S1,735
"Newry, Mourne and Down",95NN16S2,693
"Newry, Mourne and Down",95NN17W1,89
"Newry, Mourne and Down",95NN18S1,186
"Newry, Mourne and Down",95NN18S2,761
"Newry, Mourne and Down",95NN19S1,771
"Newry, Mourne and Down",95NN19S2,781
"Newry, Mourne and Down",95NN20W1,429
"Newry, Mourne and Down",95NN21W1,295
"Newry, Mourne and Down",95NN22W1,474
"Newry, Mourne and Down",95NN23S1,375
"Newry, Mourne and Down",95NN23S2,372
Mid Ulster,95OO01W1,313
Mid Ulster,95OO02W1,479
Mid Ulster,95OO03W1,344
Mid Ulster,95OO04W1,232
Mid Ulster,95OO05W1,239
Mid Ulster,95OO06W1,494
Mid Ulster,95OO07W1,465
Mid Ulster,95OO08W1,625
Mid Ulster,95OO09W1,331
Mid Ulster,95OO10W1,329
Mid Ulster,95OO11W1,92
Mid Ulster,95OO12W1,360
Mid Ulster,95OO13W1,662
Mid Ulster,95OO14W1,425
Mid Ulster,95OO15W1,291
Mid Ulster,95OO16W1,431
Mid Ulster,95OO17W1,560
Mid Ulster,95OO18W1,624
Mid Ulster,95OO19W1,558
Mid Ulster,95OO20W1,586
Mid Ulster,95OO21W1,355
Mid Ulster,95OO22W1,476
Fermanagh and Omagh,95PP01W1,526
Fermanagh and Omagh,95PP02W1,238
Fermanagh and Omagh,95PP03W1,151
Fermanagh and Omagh,95PP04W1,399
Fermanagh and Omagh,95PP05W1,366
Fermanagh and Omagh,95PP06S1,357
Fermanagh and Omagh,95PP06S2,466
Fermanagh and Omagh,95PP07W1,436
Fermanagh and Omagh,95PP08W1,362
Fermanagh and Omagh,95PP09W1,44
Fermanagh and Omagh,95PP10W1,234
Fermanagh and Omagh,95PP11W1,216
Fermanagh and Omagh,95PP12W1,275
Fermanagh and Omagh,95PP13W1,143
Fermanagh and Omagh,95PP14S1,211
Fermanagh and Omagh,95PP14S2,392
Fermanagh and Omagh,95PP15W1,622
Fermanagh and Omagh,95PP16W1,413
Fermanagh and Omagh,95PP17W1,182
Fermanagh and Omagh,95PP18W1,394
Fermanagh and Omagh,95PP19W1,112
Fermanagh and Omagh,95PP20W1,214
Fermanagh and Omagh,95PP21W1,114
Fermanagh and Omagh,95PP22W1,409
Fermanagh and Omagh,95PP23W1,309
Mid and East Antrim,95QQ01W1,156
Mid and East Antrim,95QQ02W1,612
Mid and East Antrim,95QQ03W1,104
Mid and East Antrim,95QQ04W1,367
Mid and East Antrim,95QQ05W1,729
Mid and East Antrim,95QQ06W1,369
Mid and East Antrim,95QQ07W1,192
Mid and East Antrim,95QQ08W1,209
Mid and East Antrim,95QQ09W1,595
Mid and East Antrim,95QQ10W1,281
Mid and East Antrim,95QQ11W1,555
Mid and East Antrim,95QQ12W1,441
Mid and East Antrim,95QQ13W1,514
Mid and East Antrim,95QQ14S1,728
Mid and East Antrim,95QQ14S2,568
Mid and East Antrim,95QQ15W1,292
Causeway Coast and Glens,95RR01S1,414
Causeway Coast and Glens,95RR01S2,493
Causeway Coast and Glens,95RR02W1,251
Causeway Coast and Glens,95RR03W1,34
Causeway Coast and Glens,95RR04W1,145
Causeway Coast and Glens,95RR05S1,610
Causeway Coast and Glens,95RR05S2,127
Causeway Coast and Glens,95RR06W1,203
Causeway Coast and Glens,95RR07W1,446
Causeway Coast and Glens,95RR08W1,365
Causeway Coast and Glens,95RR09S1,290
Causeway Coast and Glens,95RR09S2,265
Causeway Coast and Glens,95RR10W1,11
Causeway Coast and Glens,95RR11W1,491
Causeway Coast and Glens,95RR12W1,348
Causeway Coast and Glens,95RR13W1,191
Causeway Coast and Glens,95RR14W1,194
Causeway Coast and Glens,95RR15W1,440
Lisburn and Castlereagh,95SS01S1,673
Lisburn and Castlereagh,95SS01S2,695
Lisburn and Castlereagh,95SS02S1,655
Lisburn and Castlereagh,95SS02S2,844
Lisburn and Castlereagh,95SS03S1,700
Lisburn and Castlereagh,95SS03S2,659
Lisburn and Castlereagh,95SS04S1,361
Lisburn and Castlereagh,95SS04S2,535
Lisburn and Castlereagh,95SS04S3,723
Lisburn and Castlereagh,95SS05S1,509
Lisburn and Castlereagh,95SS05S2,837
Belfast,95SS06S1,63
Belfast,95SS06S2,20
Belfast,95SS06S3,26
Belfast,95SS07S1,487
Belfast,95SS07S2,554
Lisburn and Castlereagh,95SS07S3,567
Lisburn and Castlereagh,95SS08S1,769
Lisburn and Castlereagh,95SS08S2,675
Lisburn and Castlereagh,95SS09S1,764
Lisburn and Castlereagh,95SS09S2,709
Belfast,95SS10S1,572
Belfast,95SS10S2,831
Lisburn and Castlereagh,95SS11S1,703
Lisburn and Castlereagh,95SS11S2,645
Lisburn and Castlereagh,95SS12W1,852
Lisburn and Castlereagh,95SS13S1,190
Lisburn and Castlereagh,95SS13S2,202
Lisburn and Castlereagh,95SS14S1,277
Lisburn and Castlereagh,95SS14S2,690
Lisburn and Castlereagh,95SS15S1,862
Lisburn and Castlereagh,95SS15S2,812
Belfast,95SS16S1,553
Belfast,95SS16S2,107
Lisburn and Castlereagh,95SS17S1,576
Lisburn and Castlereagh,95SS17S2,346
Lisburn and Castlereagh,95SS18S1,246
Lisburn and Castlereagh,95SS18S2,380
Lisburn and Castlereagh,95SS19S1,606
Lisburn and Castlereagh,95SS19S2,359
Lisburn and Castlereagh,95SS20W1,809
Lisburn and Castlereagh,95SS21S1,712
Lisburn and Castlereagh,95SS21S2,742
Lisburn and Castlereagh,95SS22S1,753
Lisburn and Castlereagh,95SS22S2,857
Lisburn and Castlereagh,95SS23S1,787
Lisburn and Castlereagh,95SS23S2,646
Lisburn and Castlereagh,95SS24S1,804
Lisburn and Castlereagh,95SS24S2,796
Lisburn and Castlereagh,95SS25W1,118
Belfast,95SS26S1,39
Belfast,95SS26S2,454
Lisburn and Castlereagh,95SS27W1,418
Lisburn and Castlereagh,95SS28W1,282
Belfast,95SS29S1,42
Belfast,95SS29S2,36
Lisburn and Castlereagh,95SS30S1,858
Lisburn and Castlereagh,95SS30S2,842
Mid Ulster,95TT01W1,664
Mid Ulster,95TT02W1,541
Mid Ulster,95TT03S1,453
Mid Ulster,95TT03S2,607
Mid Ulster,95TT04W1,389
Mid Ulster,95TT05S1,688
Mid Ulster,95TT05S2,227
Mid Ulster,95TT06W1,589
Mid Ulster,95TT07W1,674
Mid Ulster,95TT08W1,563
Mid Ulster,95TT09S1,527
Mid Ulster,95TT09S2,661
Mid Ulster,95TT10W1,255
Mid Ulster,95TT11S1,562
Mid Ulster,95TT11S2,459
Mid Ulster,95TT12W1,582
Mid Ulster,95TT13S1,435
Mid Ulster,95TT13S2,218
Mid Ulster,95TT14W1,544
Mid Ulster,95TT15W1,358
Mid Ulster,95TT16W1,510
Causeway Coast and Glens,95UU06W1,584
Causeway Coast and Glens,95UU09W1,543
Causeway Coast and Glens,95UU14W1,221
Causeway Coast and Glens,95UU99C1,169
Causeway Coast and Glens,95UU99C2,177
Causeway Coast and Glens,95UU99C3,460
Causeway Coast and Glens,95UU99C4,210
Causeway Coast and Glens,95UU99C5,499
Causeway Coast and Glens,95UU99C6,124
"Newry, Mourne and Down",95VV01S1,363
"Newry, Mourne and Down",95VV01S2,187
"Newry, Mourne and Down",95VV02W1,93
"Newry, Mourne and Down",95VV03W1,132
"Newry, Mourne and Down",95VV04W1,335
"Newry, Mourne and Down",95VV05S1,473
"Newry, Mourne and Down",95VV05S2,663
"Newry, Mourne and Down",95VV06W1,260
"Newry, Mourne and Down",95VV07S1,133
"Newry, Mourne and Down",95VV07S2,619
"Newry, Mourne and Down",95VV08W1,72
"Newry, Mourne and Down",95VV09W1,57
"Newry, Mourne and Down",95VV10S1,171
"Newry, Mourne and Down",95VV10S2,75
"Newry, Mourne and Down",95VV11S1,686
"Newry, Mourne and Down",95VV11S2,557
"Newry, Mourne and Down",95VV12S1,147
"Newry, Mourne and Down",95VV12S2,237
"Newry, Mourne and Down",95VV13S1,334
"Newry, Mourne and Down",95VV13S2,504
"Newry, Mourne and Down",95VV14S1,326
"Newry, Mourne and Down",95VV14S2,279
"Newry, Mourne and Down",95VV15S1,70
"Newry, Mourne and Down",95VV15S2,551
"Newry, Mourne and Down",95VV16W1,243
"Newry, Mourne and Down",95VV17S1,249
"Newry, Mourne and Down",95VV17S2,100
"Newry, Mourne and Down",95VV18S1,540
"Newry, Mourne and Down",95VV18S2,258
"Newry, Mourne and Down",95VV19S1,500
"Newry, Mourne and Down",95VV19S2,113
"Newry, Mourne and Down",95VV20W1,336
"Newry, Mourne and Down",95VV21S1,378
"Newry, Mourne and Down",95VV21S2,587
"Newry, Mourne and Down",95VV22W1,111
"Newry, Mourne and Down",95VV23W1,385
"Newry, Mourne and Down",95VV24S1,620
"Newry, Mourne and Down",95VV24S2,244
"Newry, Mourne and Down",95VV25S1,94
"Newry, Mourne and Down",95VV25S2,220
"Newry, Mourne and Down",95VV26W1,284
"Newry, Mourne and Down",95VV27W1,207
"Newry, Mourne and Down",95VV28S1,400
"Newry, Mourne and Down",95VV28S2,126
"Newry, Mourne and Down",95VV29W1,322
"Newry, Mourne and Down",95VV30S1,710
"Newry, Mourne and Down",95VV30S2,370
Antrim and Newtownabbey,95WW01S1,451
Antrim and Newtownabbey,95WW01S2,428
Antrim and Newtownabbey,95WW02S1,489
Antrim and Newtownabbey,95WW02S2,571
Antrim and Newtownabbey,95WW03S1,324
Antrim and Newtownabbey,95WW03S2,732
Antrim and Newtownabbey,95WW04S1,486
Antrim and Newtownabbey,95WW04S2,654
Antrim and Newtownabbey,95WW05S1,705
Antrim and Newtownabbey,95WW05S2,507
Antrim and Newtownabbey,95WW06S1,653
Antrim and Newtownabbey,95WW06S2,800
Antrim and Newtownabbey,95WW07S1,777
Antrim and Newtownabbey,95WW07S2,748
Antrim and Newtownabbey,95WW08S1,754
Antrim and Newtownabbey,95WW08S2,759
Antrim and Newtownabbey,95WW09S1,165
Antrim and Newtownabbey,95WW09S2,782
Antrim and Newtownabbey,95WW10S1,618
Antrim and Newtownabbey,95WW10S2,469
Antrim and Newtownabbey,95WW11S1,802
Antrim and Newtownabbey,95WW11S2,760
Antrim and Newtownabbey,95WW12W1,103
Antrim and Newtownabbey,95WW13S1,799
Antrim and Newtownabbey,95WW13S2,694
Antrim and Newtownabbey,95WW14W1,84
Antrim and Newtownabbey,95WW15S1,724
Antrim and Newtownabbey,95WW15S2,826
Antrim and Newtownabbey,95WW16S1,638
Antrim and Newtownabbey,95WW16S2,195
Antrim and Newtownabbey,95WW17W1,495
Antrim and Newtownabbey,95WW18W1,517
Antrim and Newtownabbey,95WW19S1,779
Antrim and Newtownabbey,95WW19S2,878
Antrim and Newtownabbey,95WW19S3,871
Antrim and Newtownabbey,95WW20S1,745
Antrim and Newtownabbey,95WW20S2,792
Antrim and Newtownabbey,95WW20S3,839
Antrim and Newtownabbey,95WW21S1,117
Antrim and Newtownabbey,95WW21S2,462
Antrim and Newtownabbey,95WW22S1,722
Antrim and Newtownabbey,95WW22S2,193
Antrim and Newtownabbey,95WW23S1,628
Antrim and Newtownabbey,95WW23S2,886
Antrim and Newtownabbey,95WW24S1,319
Antrim and Newtownabbey,95WW24S2,184
Antrim and Newtownabbey,95WW25W1,135
Ards and North Down,95XX01S1,863
Ards and North Down,95XX01S2,830
Ards and North Down,95XX01S3,737
Ards and North Down,95XX02W1,840
Ards and North Down,95XX03S1,751
Ards and North Down,95XX03S2,847
Ards and North Down,95XX04S1,864
Ards and North Down,95XX04S2,714
Ards and North Down,95XX05W1,585
Ards and North Down,95XX06S1,354
Ards and North Down,95XX06S2,523
Ards and North Down,95XX07S1,726
Ards and North Down,95XX07S2,868
Ards and North Down,95XX08S1,776
Ards and North Down,95XX08S2,789
Ards and North Down,95XX09S1,798
Ards and North Down,95XX09S2,788
Ards and North Down,95XX10S1,307
Ards and North Down,95XX10S2,702
Ards and North Down,95XX10S3,356
Ards and North Down,95XX11S1,497
Ards and North Down,95XX11S2,602
Ards and North Down,95XX11S3,134
Ards and North Down,95XX12W1,756
Ards and North Down,95XX13W1,824
Ards and North Down,95XX14W1,762
Ards and North Down,95XX15W1,317
Ards and North Down,95XX16W1,768
Ards and North Down,95XX17S1,174
Ards and North Down,95XX17S2,632
Ards and North Down,95XX18W1,647
Ards and North Down,95XX19W1,816
Ards and North Down,95XX20S1,250
Ards and North Down,95XX20S2,480
Ards and North Down,95XX21W1,818
Ards and North Down,95XX22W1,532
Ards and North Down,95XX23W1,530
Ards and North Down,95XX24S1,855
Ards and North Down,95XX24S2,731
Ards and North Down,95XX25W1,242
Fermanagh and Omagh,95YY01W1,422
Fermanagh and Omagh,95YY02W1,312
Fermanagh and Omagh,95YY03W1,461
Fermanagh and Omagh,95YY04W1,438
Fermanagh and Omagh,95YY05W1,316
Fermanagh and Omagh,95YY06W1,383
Fermanagh and Omagh,95YY07W1,395
Fermanagh and Omagh,95YY08W1,311
Fermanagh and Omagh,95YY09W1,323
Fermanagh and Omagh,95YY10W1,512
Fermanagh and Omagh,95YY11W1,138
Fermanagh and Omagh,95YY12W1,573
Fermanagh and Omagh,95YY13S1,529
Fermanagh and Omagh,95YY13S2,188
Fermanagh and Omagh,95YY14S1,264
Fermanagh and Omagh,95YY14S2,445
Fermanagh and Omagh,95YY15S1,47
Fermanagh and Omagh,95YY15S2,46
Fermanagh and Omagh,95YY16W1,452
Fermanagh and Omagh,95YY17W1,257
Fermanagh and Omagh,95YY18W1,289
Fermanagh and Omagh,95YY19W1,168
Fermanagh and Omagh,95YY20W1,280
Fermanagh and Omagh,95YY21W1,379
Derry City and Strabane,95ZZ01W1,376
Derry City and Strabane,95ZZ02W1,37
Derry City and Strabane,95ZZ03W1,152
Derry City and Strabane,95ZZ04W1,333
Derry City and Strabane,95ZZ05W1,148
Derry City and Strabane,95ZZ06W1,1
Derry City and Strabane,95ZZ07W1,166
Derry City and Strabane,95ZZ08W1,90
Derry City and Strabane,95ZZ09W1,201
Derry City and Strabane,95ZZ10W1,141
Derry City and Strabane,95ZZ11W1,304
Derry City and Strabane,95ZZ12W1,175
Derry City and Strabane,95ZZ13W1,299
Derry City and Strabane,95ZZ14S1,236
Derry City and Strabane,95ZZ14S2,477
Derry City and Strabane,95ZZ15W1,266
Derry City and Strabane,95ZZ16S1,205
Derry City and Strabane,95ZZ16S2,170