GSSCode,Name,WIMDRank,
W01000001,Aberffraw & Rhosneigr 1,861,
W01000002,Aberffraw & Rhosneigr 2,1153,
W01000003,Amlwch Port,500,
W01000004,Amlwch Rural,1126,
W01000005,Beaumaris,1231,
W01000006,Bodffordd,933,
W01000007,Bodorgan,972,
W01000008,Braint,1781,
W01000009,Bryngwran,742,
W01000010,Brynteg,1485,
W01000011,Cadnant (Isle of Anglesey),1634,
W01000012,Cefni,1409,
W01000013,Cwm Cadnant,1673,
W01000014,Cyngar,1031,
W01000015,Gwyngyll,1733,
W01000016,Holyhead Town,209,
W01000017,Kingsland,326,
W01000018,Llanbadrig,980,
W01000019,Llanbedrgoch,1335,
W01000020,Llanddyfnan,1375,
W01000021,Llaneilian,969,
W01000022,Llanfaethlu,721,
W01000023,Llanfair-yn-Neubwll 1,873,
W01000024,Llanfair-yn-Neubwll 2,915,
W01000025,Llanfihangel Ysgeifiog,1115,
W01000026,Llangoed,943,
W01000027,Llanidan,1017,
W01000028,Llannerch-y-medd,640,
W01000029,London Road,238,
W01000030,Maeshyfryd,376,
W01000031,Mechell,852,
W01000032,Moelfre,941,
W01000033,Morawelon,168,
W01000034,Parc a'r Mynydd,1213,
W01000035,Pentraeth,1057,
W01000036,Porthyfelin 1,268,
W01000037,Porthyfelin 2,1018,
W01000038,Rhosyr,664,
W01000039,Trearddur 1,1312,
W01000040,Trearddur 2,1246,
W01000041,Tudur,262,
W01000042,Tysilio,1574,
W01000043,Valley 1,954,
W01000044,Valley 2,1739,
W01000047,Abererch,1145,
W01000048,Abermaw 1,811,
W01000049,Abermaw 2,1161,
W01000050,Arllechwedd,1045,
W01000051,Bala,1151,
W01000052,Bethel & Cwm-y-Glo 1,1573,
W01000053,Bethel & Cwm-y-Glo 2,1444,
W01000054,Bontnewydd,1489,
W01000056,Bowydd and Rhiw,635,
W01000057,Brithdir and Llanfachreth/Ganllwyd/Llanelltyd,1209,
W01000059,Cadnant (Gwynedd),386,
W01000060,Corris/Mawddwy,934,
W01000061,Criccieth,1685,
W01000062,Deiniol,1023,
W01000063,Deiniolen,671,
W01000064,Dewi,1093,
W01000065,Diffwys and Maenofferen,755,
W01000066,Dolbenmaen,910,
W01000067,Dolgellau North,1242,
W01000068,Dolgellau South,1029,
W01000069,Dyffryn Ardudwy,1180,
W01000070,Efail-newydd/Buan,1258,
W01000071,Gerlan,892,
W01000072,Glyder,1453,
W01000073,Groeslon,1395,
W01000074,Harlech,1176,
W01000075,Hendre (Gwynedd),874,
W01000076,Hirael & Garth 1,1450,
W01000077,Hirael & Garth 2,1005,
W01000078,Llanaelhaearn,622,
W01000079,Llanbedr,1196,
W01000080,Llanbedrog & Abersoch,1417,
W01000081,Llanberis,1208,
W01000082,Llandderfel & Llanuwchllyn 1,1058,
W01000083,Llandderfel & Llanuwchllyn 2,1333,
W01000084,Llanengan,1392,
W01000085,Llangelynin,679,
W01000086,Llanllyfni & Clynnog,744,
W01000087,Llanrug,1555,
W01000088,Llanwnda,1285,
W01000089,Llanystumdwy,1235,
W01000090,Marchog 1,157,
W01000091,Marchog 2,105,
W01000092,Menai (Bangor),1696,
W01000093,Menai (Caernarfon),1548,
W01000094,Morfa Nefyn,1354,
W01000095,Nefyn,1389,
W01000096,Ogwen 1,835,
W01000097,Ogwen 2,767,
W01000098,Peblig (Caernarfon),103,
W01000099,Penisarwaun,1266,
W01000100,Penrhyndeudraeth 1,1436,
W01000101,Penrhyndeudraeth 2,1374,
W01000102,Pentir 1,1615,
W01000103,Pentir 2,1095,
W01000104,Penygroes (Gwynedd),944,
W01000105,Porthmadog East,926,
W01000106,Porthmadog West,1480,
W01000107,Porthmadog - Tremadog,1033,
W01000108,Pwllheli North,987,
W01000109,Pwllheli South,841,
W01000110,Seiont 1,1116,
W01000111,Seiont 2,649,
W01000112,Talysarn,596,
W01000113,Teigl,890,
W01000114,Trawsfynydd,1154,
W01000115,Tregarth & Mynydd Llandygai,1338,
W01000116,Tywyn 1,1447,
W01000117,Tywyn 2,799,
W01000118,Waunfawr,1188,
W01000119,Y Felinheli,1425,
W01000121,Betws-y-Coed,1207,
W01000122,Betws yn Rhos,1215,
W01000123,Bryn,966,
W01000124,Caerhun,1339,
W01000125,Capelulo,1319,
W01000126,Colwyn 1,1429,
W01000127,Colwyn 2,522,
W01000128,Colwyn 3,1175,
W01000129,Conwy 1,732,
W01000130,Conwy 2,1496,
W01000131,Conwy 3,1292,
W01000132,Craig-y-Don 1,790,
W01000133,Craig-y-Don 2,1640,
W01000134,Crwst,897,
W01000135,Deganwy 1,1834,
W01000136,Deganwy 2,1276,
W01000137,Eglwysbach,1357,
W01000138,Eirias 1,829,
W01000139,Eirias 2,1678,
W01000140,Gele 1,623,
W01000141,Gele 2,1567,
W01000142,Gele 3,1717,
W01000143,Glyn (Conwy) 1,531,
W01000144,Glyn (Conwy) 2,110,
W01000145,Glyn (Conwy) 3,752,
W01000146,Gogarth 1,712,
W01000147,Gogarth 2,1167,
W01000148,Gower (Conwy),1293,
W01000149,Kinmel Bay 1,277,
W01000150,Kinmel Bay 2,832,
W01000151,Kinmel Bay 3,381,
W01000152,Kinmel Bay 4,610,
W01000153,Llanddulas,1204,
W01000154,Llandrillo yn Rhos 1,1610,
W01000155,Llandrillo yn Rhos 2,1482,
W01000156,Llandrillo yn Rhos 3,1510,
W01000157,Llandrillo yn Rhos 4,494,
W01000158,Llandrillo yn Rhos 5,1621,
W01000159,Llangernyw,1044,
W01000162,Llansannan,1149,
W01000163,Llysfaen 1,172,
W01000164,Llysfaen 2,957,
W01000165,Marl 1,1832,
W01000166,Marl 2,831,
W01000167,Mochdre,468,
W01000168,Mostyn (Conwy) 1,528,
W01000169,Mostyn (Conwy) 2,489,
W01000170,Pandy,1364,
W01000171,Pant-yr-afon/Penmaenan 1,912,
W01000172,Pant-yr-afon/Penmaenan 2,498,
W01000173,Penrhyn 1,1740,
W01000174,Penrhyn 2,1823,
W01000175,Penrhyn 3,1807,
W01000176,Pensarn 1,624,
W01000177,Pensarn 2,1355,
W01000178,Pentre Mawr 1,362,
W01000179,Pentre Mawr 2,1665,
W01000180,Rhiw 1,1751,
W01000181,Rhiw 2,1817,
W01000182,Rhiw 3,240,
W01000183,Rhiw 4,1428,
W01000184,Towyn,267,
W01000185,Trefriw,1106,
W01000186,Tudno 1,351,
W01000187,Tudno 2,113,
W01000188,Tudno 3,1464,
W01000189,Uwch Conwy,1105,
W01000190,Uwchaled,1200,
W01000191,Bodelwyddan,898,
W01000192,Corwen 1,1002,
W01000193,Corwen 2,846,
W01000194,Denbigh Central,701,
W01000195,Denbigh Lower 1,1780,
W01000196,Denbigh Lower 2,1718,
W01000197,Denbigh Lower 3,1620,
W01000198,Denbigh Upper/Henllan 1,163,
W01000199,Denbigh Upper/Henllan 2,720,
W01000200,Dyserth 1,1484,
W01000201,Dyserth 2,751,
W01000202,Efenechtyd,1518,
W01000203,Llanarmon-yn-Ial/Llandegla,1578,
W01000204,Llanbedr Dyffryn Clwyd/Llangynhafal,1663,
W01000205,Llandrillo,869,
W01000206,Llandyrnog,1387,
W01000207,Llanfair Dyffryn Clwyd/Gwyddelwern,1511,
W01000208,Llangollen 1,862,
W01000209,Llangollen 2,1071,
W01000210,Llangollen 3,1587,
W01000211,Llanrhaeadr-yng-Nghinmeirch,1341,
W01000212,Prestatyn Central 1,1543,
W01000213,Prestatyn Central 2,288,
W01000214,Prestatyn East 1,458,
W01000215,Prestatyn East 2,1779,
W01000216,Prestatyn East 3,652,
W01000217,Prestatyn Meliden,808,
W01000218,Prestatyn North 1,786,
W01000219,Prestatyn North 2,959,
W01000220,Prestatyn North 3,647,
W01000221,Prestatyn South West 1,633,
W01000222,Prestatyn South West 2,1039,
W01000223,Rhuddlan 1,1522,
W01000224,Rhuddlan 2,1332,
W01000225,Rhuddlan 3,1164,
W01000226,Rhyl East 1,389,
W01000227,Rhyl East 2,1234,
W01000228,Rhyl East 3,99,
W01000229,Rhyl South 1,549,
W01000230,Rhyl South 2,1343,
W01000231,Rhyl South East 1,894,
W01000232,Rhyl South East 2,1066,
W01000233,Rhyl South East 3,1157,
W01000234,Rhyl South East 4,182,
W01000235,Rhyl South East 5,1527,
W01000236,Rhyl South West 1,100,
W01000237,Rhyl South West 2,20,
W01000238,Rhyl South West 3,655,
W01000239,Rhyl West 1,11,
W01000240,Rhyl West 2,2,
W01000241,Rhyl West 3,19,
W01000242,Ruthin 1,1060,
W01000243,Ruthin 2,1593,
W01000244,Ruthin 3,1850,
W01000245,St. Asaph East,1631,
W01000246,St. Asaph West,783,
W01000247,Trefnant,1146,
W01000248,Tremeirchion,1340,
W01000249,Argoed (Flintshire) 1,1843,
W01000250,Argoed (Flintshire) 2,1847,
W01000251,Aston 1,1162,
W01000252,Aston 2,1399,
W01000253,Bagillt East,866,
W01000254,Bagillt West,474,
W01000255,Broughton North East,1329,
W01000256,Broughton South 1,1216,
W01000257,Broughton South 2,1735,
W01000258,Brynford,1372,
W01000259,Buckley Bistre East 1,734,
W01000260,Buckley Bistre East 2,1505,
W01000261,Buckley Bistre West 1,1439,
W01000262,Buckley Bistre West 2,617,
W01000263,Buckley Bistre West 3,451,
W01000264,Buckley Mountain 1,1566,
W01000265,Buckley Mountain 2,1598,
W01000266,Buckley Pentrobin 1,1314,
W01000267,Buckley Pentrobin 2,1468,
W01000268,Buckley Pentrobin 3,1755,
W01000269,Caergwrle,1150,
W01000270,Caerwys 1,1568,
W01000271,Caerwys 2,1316,
W01000272,Cilcain,1512,
W01000273,Connah's Quay Central 1,669,
W01000274,Connah's Quay Central 2,193,
W01000275,Connah's Quay Golftyn 1,1274,
W01000276,Connah's Quay Golftyn 2,1474,
W01000277,Connah's Quay Golftyn 3,1475,
W01000278,Connah's Quay Golftyn 4,230,
W01000279,Connah's Quay South 1,1411,
W01000280,Connah's Quay South 2,1410,
W01000281,Connah's Quay South 3,1448,
W01000282,Connah's Quay South 4,1852,
W01000283,Connah's Quay Wepre,938,
W01000284,Ewloe 1,1690,
W01000285,Ewloe 2,1782,
W01000286,Ewloe 3,1677,
W01000287,Ffynnongroyw,507,
W01000288,Flint Castle,311,
W01000289,Flint Coleshill 1,1583,
W01000290,Flint Coleshill 2,343,
W01000291,Flint Coleshill 3,1070,
W01000292,Flint Oakenholt 1,392,
W01000293,Flint Oakenholt 2,595,
W01000294,Flint Trelawny 1,1390,
W01000295,Flint Trelawny 2,1284,
W01000296,Greenfield 1,239,
W01000297,Greenfield 2,1078,
W01000298,Gronant,449,
W01000299,Gwernaffield,1625,
W01000300,Gwernymynydd,1582,
W01000301,Halkyn,1471,
W01000302,Hawarden,1838,
W01000303,Higher Kinnerton,1868,
W01000304,Holywell Central,155,
W01000305,Holywell East,964,
W01000306,Holywell West,636,
W01000307,Hope 1,1816,
W01000308,Hope 2,1287,
W01000309,Leeswood,1064,
W01000310,Llanfynydd,1455,
W01000311,Mancot 1,1184,
W01000312,Mancot 2,650,
W01000313,Mold Broncoed 1,1067,
W01000314,Mold Broncoed 2,470,
W01000315,Mold East,1014,
W01000316,Mold South 1,1775,
W01000317,Mold South 2,1896,
W01000318,Mold West 1,231,
W01000319,Mold West 2,919,
W01000320,Mostyn (Flintshire),535,
W01000321,New Brighton 1,1871,
W01000322,New Brighton 2,1585,
W01000323,Northop 1,1671,
W01000324,Northop 2,1825,
W01000325,Northop Hall,1743,
W01000326,Penyffordd 1,1758,
W01000327,Penyffordd 2,1762,
W01000328,Queensferry,360,
W01000329,Saltney Mold Junction,628,
W01000330,Saltney Stonebridge 1,719,
W01000331,Saltney Stonebridge 2,1237,
W01000332,Sealand 1,709,
W01000333,Sealand 2,261,
W01000334,Shotton East,702,
W01000335,Shotton Higher 1,285,
W01000336,Shotton Higher 2,82,
W01000337,Shotton West,927,
W01000338,Trelawnyd and Gwaenysgor,1205,
W01000339,Treuddyn,1272,
W01000340,Whitford,1557,
W01000341,Acton 1,1155,
W01000342,Acton 2,492,
W01000343,Borras Park 1,1901,
W01000344,Borras Park 2,1810,
W01000345,Bronington 1,1479,
W01000346,Bronington 2,1565,
W01000347,Brymbo 1,1378,
W01000348,Brymbo 2,592,
W01000349,Brynyffynnon 1,971,
W01000350,Brynyffynnon 2,506,
W01000351,Bryn Cefn,1016,
W01000352,Cartrefle 1,579,
W01000353,Cartrefle 2,128,
W01000354,Cefn 1,1192,
W01000355,Cefn 2,476,
W01000356,Cefn 3,432,
W01000359,Chirk North 1,1330,
W01000360,Chirk North 2,513,
W01000361,Chirk South,925,
W01000362,Coedpoeth 1,415,
W01000363,Coedpoeth 2,1412,
W01000364,Coedpoeth 3,1128,
W01000365,Erddig,1229,
W01000366,Esclusham 1,700,
W01000367,Esclusham 2,1644,
W01000368,Garden Village,1796,
W01000369,Gresford East and West 1,1688,
W01000370,Gresford East and West 2,1683,
W01000371,Grosvenor 1,1056,
W01000372,Grosvenor 2,461,
W01000373,Gwenfro,357,
W01000374,Gwersyllt East and South 1,699,
W01000375,Gwersyllt East and South 2,1422,
W01000376,Gwersyllt East and South 3,1584,
W01000377,Gwersyllt North 1,1254,
W01000378,Gwersyllt North 2,316,
W01000379,Gwersyllt West 1,337,
W01000380,Gwersyllt West 2,1197,
W01000381,Hermitage 1,619,
W01000382,Hermitage 2,256,
W01000383,Holt 1,1418,
W01000384,Holt 2,1700,
W01000385,Johnstown 1,1716,
W01000386,Johnstown 2,658,
W01000387,Little Acton 1,1837,
W01000388,Little Acton 2,1466,
W01000389,Llangollen Rural,1331,
W01000390,Llay 1,1398,
W01000391,Llay 2,1241,
W01000392,Llay 3,395,
W01000393,Maesydre,778,
W01000394,Marchwiel 1,1602,
W01000395,Marchwiel 2,1124,
W01000396,Marford and Hoseley 1,1891,
W01000397,Marford and Hoseley 2,1904,
W01000398,Minera 1,1247,
W01000399,Minera 2,1680,
W01000400,New Broughton 1,1000,
W01000401,New Broughton 2,763,
W01000402,Offa,842,
W01000403,Overton 1,1531,
W01000404,Overton 2,1493,
W01000405,Pant,442,
W01000406,Penycae,317,
W01000407,Penycae and Ruabon South 1,1703,
W01000408,Penycae and Ruabon South 2,780,
W01000409,Plas Madoc,54,
W01000410,Ponciau 1,1185,
W01000411,Ponciau 2,514,
W01000412,Ponciau 3,1094,
W01000413,Queensway 1,3,
W01000414,Queensway 2,108,
W01000415,Rhosnesni 1,1554,
W01000416,Rhosnesni 2,1851,
W01000417,Rossett 1,1805,
W01000418,Rossett 2,1497,
W01000419,Ruabon 1,678,
W01000420,Ruabon 2,807,
W01000422,Stansty,1118,
W01000423,Whitegate 1,435,
W01000424,Whitegate 2,913,
W01000425,Wynnstay,52,
W01000426,Aber-craf,855,
W01000427,Beguildy,848,
W01000428,Berriew,1309,
W01000429,Blaen Hafren,1356,
W01000430,Bronllys,1255,
W01000431,Builth 1,1132,
W01000432,Builth 2,1801,
W01000433,Caersws,1137,
W01000434,Churchstoke,1248,
W01000438,Disserth and Trecoed,651,
W01000439,Dolforwyn,1502,
W01000440,Felin-f√¢ch,1539,
W01000441,Forden,1594,
W01000442,Glantwymyn,1238,
W01000443,Glasbury,1472,
W01000444,Guilsfield,1513,
W01000445,Gwernyfed,1268,
W01000446,Hay,1461,
W01000447,Kerry,1380,
W01000448,Knighton 1,1228,
W01000449,Knighton 2,1159,
W01000450,Llanafanfawr,1458,
W01000451,Llanbadarn Fawr,1360,
W01000452,Llanbrynmair & Banwy,888,
W01000453,Llandinam,1368,
W01000454,Llandrindod East/Llandrindod West,444,
W01000455,Llandrindod North,1021,
W01000456,Llandrindod South,992,
W01000457,Llandrinio,1376,
W01000458,Llandysilio,1370,
W01000459,Llanelwedd,1262,
W01000460,Llanfair Caereinion,1163,
W01000461,Llanfyllin,947,
W01000464,Llangunllo,1296,
W01000465,Llangynidr,1526,
W01000466,Llanidloes 1,1525,
W01000467,Llanidloes 2,1517,
W01000470,Llansantffraid,1236,
W01000471,Llanwrtyd Wells,1053,
W01000472,Llanyre,1421,
W01000473,Machynlleth,1129,
W01000474,Maescar/Llywel,1186,
W01000475,Meifod & Llanfihangel,1249,
W01000476,Montgomery,1494,
W01000477,Nantmel,1222,
W01000478,Newtown Central 1,394,
W01000479,Newtown Central 2,537,
W01000480,Newtown East,469,
W01000481,Newtown Llanllwchaiarn North,1692,
W01000482,Newtown Llanllwchaiarn West,1552,
W01000483,Newtown South,318,
W01000484,Old Radnor,1323,
W01000485,Presteigne 1,1438,
W01000486,Presteigne 2,1211,
W01000487,Rhayader,1007,
W01000488,Rhiwcynon,1269,
W01000489,St. David Within,1073,
W01000492,St. Mary 1,1190,
W01000493,St. Mary 2,1705,
W01000494,Talgarth,1260,
W01000496,Tawe-Uchaf,1004,
W01000497,Trewern,1250,
W01000498,Welshpool Castle,296,
W01000499,Welshpool Gungrog 1,561,
W01000500,Welshpool Gungrog 2,1140,
W01000501,Welshpool Llanerchyddol,1172,
W01000502,Ynyscedwyn,965,
W01000503,Yscir,1488,
W01000504,Ystradgynlais 1,158,
W01000505,Ystradgynlais 2,813,
W01000506,Aberaeron,1413,
W01000507,Aberporth 1,1302,
W01000508,Aberporth 2,677,
W01000509,Aberteifi/Cardigan - Mwldan,962,
W01000510,Aberteifi/Cardigan - Rhyd-y-Fuwch,529,
W01000511,Aberteifi/Cardigan - Teifi,149,
W01000512,Aberystwyth Bronglais,1806,
W01000513,Aberystwyth Canol/Central,1303,
W01000515,Aberystwyth Penparcau 1,536,
W01000516,Aberystwyth Penparcau 2,591,
W01000517,Aberystwyth Rheidol 1,1348,
W01000518,Aberystwyth Rheidol 2,923,
W01000519,Beulah,1084,
W01000522,Capel Dewi,806,
W01000523,Ceulanamaesmawr,1311,
W01000524,Ciliau Aeron,1141,
W01000525,Faenor 1,1787,
W01000527,Lampeter 1,1591,
W01000528,Lampeter 2,881,
W01000529,Llanarth,826,
W01000531,Llandyfriog,847,
W01000532,Llandysiliogogo,1220,
W01000533,Llandysul Town,797,
W01000534,Llanfarian,1592,
W01000535,Llanfihangel Ystrad,820,
W01000536,Llangeitho,843,
W01000537,Llangybi,863,
W01000538,Llanrhystyd,1054,
W01000539,Llansantffraed 1,979,
W01000540,Llansantffraed 2,1131,
W01000541,Llanwenog,968,
W01000542,Lledrod,819,
W01000543,Melindwr,1001,
W01000544,New Quay,946,
W01000545,Penbryn,1218,
W01000546,Pen-parc 1,916,
W01000547,Pen-parc 2,1351,
W01000548,Tirymynach,1300,
W01000549,Trefeurig,1575,
W01000550,Tregaron,1107,
W01000551,Troedyraur,876,
W01000552,Ystwyth,1349,
W01000553,Amroth,1181,
W01000554,Burton,1420,
W01000555,Camrose 1,1419,
W01000556,Camrose 2,1307,
W01000557,Carew,1347,
W01000558,Cilgerran,1010,
W01000559,Clydau,970,
W01000560,Crymych 1,1112,
W01000561,Crymych 2,1156,
W01000562,Dinas Cross,1324,
W01000563,East Williamston 1,1100,
W01000564,East Williamston 2,1299,
W01000565,Fishguard North East,1147,
W01000566,Fishguard North West,769,
W01000567,Goodwick,834,
W01000568,Haverfordwest: Castle,488,
W01000569,Haverfordwest: Garth 1,1492,
W01000570,Haverfordwest: Garth 2,104,
W01000571,Haverfordwest: Portfield,1035,
W01000572,Haverfordwest: Prendergast,1201,
W01000573,Haverfordwest: Priory,1265,
W01000574,Hundleton,1103,
W01000575,Johnston,1020,
W01000576,Kilgetty/Begelly,951,
W01000577,Lampeter Velfrey,1365,
W01000578,Lamphey,1226,
W01000579,Letterston,1075,
W01000580,Llangwm,1423,
W01000581,Llanrhian,1165,
W01000582,Maenclochog 1,1043,
W01000583,Maenclochog 2,1288,
W01000584,Manorbier,1051,
W01000585,Martletwy,1301,
W01000586,Merlin's Bridge,597,
W01000587,Milford: Central,743,
W01000588,Milford: East,508,
W01000589,Milford: Hakin 1,654,
W01000590,Milford: Hakin 2,728,
W01000591,Milford: Hubberston 1,684,
W01000592,Milford: Hubberston 2,173,
W01000593,Milford: North,896,
W01000594,Milford: West,363,
W01000595,Narberth,1085,
W01000596,Narberth Rural,1407,
W01000597,Newport,1326,
W01000598,Neyland: East,1079,
W01000599,Neyland: West,856,
W01000600,Pembroke Dock: Central,201,
W01000601,Pembroke Dock: Llanion 1,67,
W01000602,Pembroke Dock: Llanion 2,707,
W01000603,Pembroke Dock: Market,703,
W01000604,Pembroke Dock: Pennar 1,487,
W01000605,Pembroke Dock: Pennar 2,714,
W01000606,Pembroke: Monkton,80,
W01000607,Pembroke: St. Mary North,411,
W01000608,Pembroke: St. Mary South,572,
W01000609,Pembroke: St. Michael,1457,
W01000610,Penally,1506,
W01000611,Rudbaxton,1530,
W01000612,St. David's,1121,
W01000613,St. Dogmaels,1109,
W01000614,St. Ishmael's,1019,
W01000615,Saundersfoot 1,1569,
W01000616,Saundersfoot 2,1384,
W01000617,Scleddau,816,
W01000618,Solva,1171,
W01000619,Tenby: North,1541,
W01000620,Tenby: South 1,1189,
W01000621,Tenby: South 2,772,
W01000622,The Havens,1359,
W01000623,Wiston,1273,
W01000624,Abergwili,1516,
W01000625,Ammanford 1,291,
W01000626,Ammanford 2,534,
W01000627,Betws,849,
W01000628,Bigyn 1,1015,
W01000629,Bigyn 2,859,
W01000630,Bigyn 3,967,
W01000631,Bigyn 4,124,
W01000632,Burry Port 1,796,
W01000633,Burry Port 2,479,
W01000634,Burry Port 3,1379,
W01000635,Bynea 1,1072,
W01000636,Bynea 2,673,
W01000637,Carmarthen Town North 1,644,
W01000638,Carmarthen Town North 2,266,
W01000639,Carmarthen Town North 3,1080,
W01000640,Carmarthen Town North 4,1761,
W01000641,Carmarthen Town South 1,464,
W01000642,Carmarthen Town South 2,1240,
W01000643,Carmarthen Town West 1,931,
W01000644,Carmarthen Town West 2,1476,
W01000645,Carmarthen Town West 3,1104,
W01000646,Cenarth,735,
W01000647,Cilycwm,996,
W01000648,Cynwyl Elfed 1,999,
W01000649,Cynwyl Elfed 2,1427,
W01000650,Cynwyl Gaeo,928,
W01000651,Dafen 1,1263,
W01000652,Dafen 2,672,
W01000653,Elli 1,1113,
W01000654,Elli 2,543,
W01000655,Felinfoel,475,
W01000656,Garnant,666,
W01000657,Glanamman 1,478,
W01000658,Glanamman 2,539,
W01000659,Glanymor 1,194,
W01000660,Glanymor 2,349,
W01000662,Glyn (Carmarthenshire),904,
W01000663,Gorslas 1,1352,
W01000664,Gorslas 2,1277,
W01000665,Hendy 1,1777,
W01000666,Hendy 2,1069,
W01000667,Hengoed (Carmarthenshire) 1,1098,
W01000670,Kidwelly 1,403,
W01000671,Kidwelly 2,1089,
W01000672,Laugharne Township 1,729,
W01000673,Laugharne Township 2,1096,
W01000674,Llanboidy,1030,
W01000675,Llanddarog,1280,
W01000676,Llandeilo 1,1416,
W01000677,Llandeilo 2,857,
W01000678,Llandovery 1,756,
W01000679,Llandovery 2,1243,
W01000680,Llandybie 1,1440,
W01000681,Llandybie 2,646,
W01000682,Llanegwad 1,1394,
W01000683,Llanegwad 2,726,
W01000684,Llanfihangel Aberbythych,1256,
W01000685,Llanfihangel-ar-Arth 1,766,
W01000686,Llanfihangel-ar-Arth 2,1317,
W01000687,Llangadog,960,
W01000688,Llangeler 1,578,
W01000689,Llangeler 2,1048,
W01000690,Llangennech 1,1325,
W01000691,Llangennech 2,1012,
W01000692,Llangennech 3,1210,
W01000693,Llangunnor 1,937,
W01000694,Llangunnor 2,1402,
W01000695,Llangyndeyrn 1,560,
W01000696,Llangyndeyrn 2,883,
W01000697,Llannon 1,693,
W01000698,Llannon 2,788,
W01000699,Llannon 3,1337,
W01000700,Llansteffan,1088,
W01000701,Llanybydder 1,1052,
W01000702,Llanybydder 2,736,
W01000703,Lliedi 1,609,
W01000704,Lliedi 2,1373,
W01000705,Lliedi 3,358,
W01000706,Llwynhendy 1,801,
W01000707,Llwynhendy 2,294,
W01000708,Llwynhendy 3,125,
W01000709,Manordeilo and Salem,1090,
W01000710,Pembrey 1,1637,
W01000711,Pembrey 2,400,
W01000712,Penygroes (Carmarthenshire) 1,1279,
W01000713,Penygroes (Carmarthenshire) 2,984,
W01000714,Pontamman 1,554,
W01000715,Pontamman 2,1521,
W01000716,Pontyberem 1,1143,
W01000717,Pontyberem 2,802,
W01000718,Quarter Bach 1,660,
W01000719,Quarter Bach 2,774,
W01000720,St. Clears 1,1127,
W01000721,St. Clears 2,1138,
W01000722,St. Ishmael 1,1545,
W01000723,St. Ishmael 2,837,
W01000724,Saron 1,694,
W01000725,Saron 2,899,
W01000726,Swiss Valley 1,1745,
W01000727,Swiss Valley 2,1363,
W01000728,Trelech,884,
W01000729,Trimsaran 1,320,
W01000730,Trimsaran 2,594,
W01000731,Tycroes,1198,
W01000732,Tyisha 1,505,
W01000733,Tyisha 2,55,
W01000734,Tyisha 3,187,
W01000735,Whitland,1191,
W01000736,Bishopston 1,1828,
W01000737,Bishopston 2,1681,
W01000738,Bonymaen 1,102,
W01000739,Bonymaen 2,331,
W01000740,Bonymaen 3,827,
W01000741,Bonymaen 4,380,
W01000742,Castle 1,33,
W01000744,Castle 3,292,
W01000745,Castle 4,356,
W01000746,Castle 5,762,
W01000747,Castle 6,891,
W01000749,Castle 8,614,
W01000750,Clydach 1,657,
W01000751,Clydach 2,1563,
W01000752,Clydach 3,325,
W01000753,Clydach 4,724,
W01000754,Clydach 5,759,
W01000755,Cockett 1,1037,
W01000756,Cockett 2,224,
W01000757,Cockett 3,906,
W01000758,Cockett 4,1195,
W01000759,Cockett 5,1430,
W01000760,Cockett 6,754,
W01000761,Cockett 7,791,
W01000762,Cockett 8,217,
W01000763,Cwmbwrla 1,939,
W01000764,Cwmbwrla 2,921,
W01000765,Cwmbwrla 3,818,
W01000766,Cwmbwrla 4,1294,
W01000767,Cwmbwrla 5,502,
W01000768,Dunvant 1,1558,
W01000769,Dunvant 2,1701,
W01000770,Dunvant 3,1820,
W01000771,Fairwood 2,1446,
W01000772,Fairwood 1,1639,
W01000773,Gorseinon 1,631,
W01000774,Gorseinon 2,998,
W01000775,Gower (Swansea) 1,1445,
W01000776,Gower (Swansea) 2,1538,
W01000777,Gowerton 1,1707,
W01000778,Gowerton 2,1648,
W01000779,Gowerton 3,1061,
W01000781,Killay North 2,1908,
W01000782,Killay South 1,1759,
W01000784,Kingsbridge 1,1321,
W01000785,Kingsbridge 2,1794,
W01000786,Kingsbridge 3,1601,
W01000787,Landore 1,585,
W01000788,Landore 2,302,
W01000789,Landore 3,234,
W01000790,Landore 4,271,
W01000791,Llangyfelach 1,1721,
W01000792,Llangyfelach 2,1720,
W01000793,Llangyfelach 3,1734,
W01000794,Llansamlet 1,882,
W01000795,Llansamlet 2,1651,
W01000796,Llansamlet 3,1388,
W01000797,Llansamlet 4,1397,
W01000798,Llansamlet 5,1160,
W01000799,Llansamlet 6,269,
W01000800,Llansamlet 7,1694,
W01000801,Llansamlet 8,207,
W01000802,Lower Loughor,793,
W01000803,Mawr,1036,
W01000804,Mayals 1,1873,
W01000805,Mayals 2,1883,
W01000806,Morriston 1,991,
W01000807,Morriston 2,1613,
W01000808,Morriston 3,1092,
W01000809,Morriston 4,695,
W01000810,Morriston 5,119,
W01000811,Morriston 6,336,
W01000812,Morriston 7,140,
W01000813,Morriston 8,1187,
W01000814,Morriston 9,116,
W01000815,Morriston 10,1579,
W01000816,Morriston 11,1577,
W01000817,Mynyddbach 1,43,
W01000818,Mynyddbach 2,332,
W01000819,Mynyddbach 3,1628,
W01000820,Mynyddbach 4,895,
W01000821,Mynyddbach 5,930,
W01000822,Mynyddbach 6,1261,
W01000823,Newton (Swansea) 1,1885,
W01000824,Newton (Swansea) 2,1784,
W01000825,Oystermouth 1,1666,
W01000826,Oystermouth 2,1670,
W01000827,Oystermouth 3,1879,
W01000828,Penclawdd 1,1560,
W01000829,Penclawdd 2,1083,
W01000830,Penderry 1,21,
W01000831,Penderry 2,246,
W01000832,Penderry 3,34,
W01000833,Penderry 4,45,
W01000834,Penderry 5,218,
W01000835,Penderry 6,142,
W01000836,Penderry 7,150,
W01000837,Penllergaer 1,1786,
W01000838,Penllergaer 2,369,
W01000839,Pennard 1,1647,
W01000840,Pennard 2,1804,
W01000841,Penyrheol (Swansea) 1,733,
W01000842,Penyrheol (Swansea) 2,1028,
W01000843,Penyrheol (Swansea) 3,1361,
W01000844,Penyrheol (Swansea) 4,264,
W01000845,Pontardulais 1,1636,
W01000846,Pontardulais 2,740,
W01000847,Pontardulais 3,872,
W01000848,Pontardulais 4,455,
W01000849,St. Thomas 1,176,
W01000850,St. Thomas 2,429,
W01000851,St. Thomas 3,822,
W01000852,St. Thomas 4,718,
W01000853,Sketty 1,1831,
W01000854,Sketty 2,1657,
W01000855,Sketty 3,1772,
W01000856,Sketty 4,295,
W01000857,Sketty 5,1059,
W01000858,Sketty 6,1798,
W01000859,Sketty 7,1674,
W01000860,Sketty 8,1854,
W01000861,Sketty 9,1656,
W01000862,Townhill 1,29,
W01000863,Townhill 2,41,
W01000864,Townhill 3,49,
W01000865,Townhill 4,516,
W01000866,Townhill 5,64,
W01000867,Townhill 6,50,
W01000868,Uplands 1,1877,
W01000869,Uplands 2,875,
W01000870,Uplands 3,1746,
W01000871,Uplands 4,908,
W01000872,Uplands 5,1862,
W01000873,Uplands 6,1245,
W01000874,Uplands 7,1699,
W01000875,Uplands 8,1168,
W01000876,Uplands 9,1514,
W01000877,Upper Loughor 1,1442,
W01000878,Upper Loughor 2,1199,
W01000879,West Cross 1,1898,
W01000880,West Cross 2,1824,
W01000881,West Cross 3,471,
W01000882,West Cross 4,730,
W01000883,Aberavon 1,1519,
W01000884,Aberavon 2,166,
W01000885,Aberavon 3,145,
W01000886,Aberavon 4,79,
W01000887,Aberdulais,858,
W01000888,Allt-wen,1148,
W01000889,Baglan 1,1123,
W01000890,Baglan 2,1773,
W01000891,Baglan 3,704,
W01000892,Baglan 4,1452,
W01000893,Blaengwrach,618,
W01000894,Briton Ferry East 1,864,
W01000895,Briton Ferry East 2,323,
W01000896,Briton Ferry West 1,123,
W01000897,Briton Ferry West 2,518,
W01000898,Bryn and Cwmavon 1,901,
W01000899,Bryn and Cwmavon 2,1597,
W01000900,Bryn and Cwmavon 3,310,
W01000901,Bryn and Cwmavon 4,663,
W01000902,Bryn-coch North 1,1443,
W01000903,Bryn-coch North 2,1760,
W01000904,Bryn-coch South 1,1876,
W01000905,Bryn-coch South 2,1381,
W01000906,Bryn-coch South 3,1624,
W01000907,Bryn-coch South 4,504,
W01000908,Cadoxton,1684,
W01000909,Cimla 1,781,
W01000910,Cimla 2,1547,
W01000911,Cimla 3,1622,
W01000912,Coedffranc Central 1,659,
W01000913,Coedffranc Central 2,830,
W01000914,Coedffranc Central 3,216,
W01000915,Coedffranc North 1,1097,
W01000916,Coedffranc North 2,1110,
W01000917,Coedffranc West,1344,
W01000918,Crynant,1027,
W01000919,Cwmllynfell,993,
W01000920,Cymmer (Neath Port Talbot) 1,372,
W01000921,Cymmer (Neath Port Talbot) 2,22,
W01000922,Dyffryn 1,625,
W01000923,Dyffryn 2,1396,
W01000924,Glyncorrwg,284,
W01000925,Glynneath 1,387,
W01000926,Glynneath 2,1011,
W01000927,Godre'r graig,745,
W01000928,Gwaun-Cae-Gurwen 1,525,
W01000929,Gwaun-Cae-Gurwen 2,355,
W01000930,Gwynfi,177,
W01000931,Lower Brynamman,627,
W01000932,Margam 1,576,
W01000933,Margam 2,1433,
W01000934,Neath East 1,122,
W01000935,Neath East 2,148,
W01000936,Neath East 3,328,
W01000937,Neath East 4,340,
W01000938,Neath North 1,1456,
W01000939,Neath North 2,112,
W01000940,Neath North 3,334,
W01000941,Neath South 1,437,
W01000942,Neath South 2,249,
W01000943,Neath South 3,1667,
W01000944,Onllwyn,598,
W01000945,Pelenna,563,
W01000946,Pontardawe 1,877,
W01000947,Pontardawe 2,747,
W01000948,Pontardawe 3,741,
W01000949,Port Talbot 1,1032,
W01000950,Port Talbot 2,674,
W01000951,Port Talbot 3,315,
W01000952,Port Talbot 4,680,
W01000953,Resolven 1,634,
W01000954,Resolven 2,975,
W01000955,Rhos 1,1342,
W01000956,Rhos 2,1687,
W01000957,Sandfields East 1,278,
W01000958,Sandfields East 2,98,
W01000959,Sandfields East 3,977,
W01000960,Sandfields East 4,354,
W01000961,Sandfields West 1,397,
W01000962,Sandfields West 2,72,
W01000963,Sandfields West 3,133,
W01000964,Sandfields West 4,212,
W01000965,Seven Sisters,519,
W01000966,Tai-bach 1,584,
W01000967,Tai-bach 2,361,
W01000968,Tai-bach 3,582,
W01000969,Tonna 1,1614,
W01000970,Tonna 2,590,
W01000971,Trebanos,907,
W01000973,Ystalyfera 2,446,
W01000974,Aberkenfig,1013,
W01000975,Bettws (Bridgend),90,
W01000976,Blackmill 1,298,
W01000977,Blackmill 2,171,
W01000978,Blaengarw,604,
W01000979,Brackla 1,1076,
W01000980,Brackla 2,656,
W01000981,Brackla 3,117,
W01000982,Brackla 4,1289,
W01000983,Brackla 5,1559,
W01000984,Brackla 6,1259,
W01000985,Brackla 7,1819,
W01000986,Bryncethin,1047,
W01000987,Bryncoch,407,
W01000989,Bryntirion Laleston and Merthyr Mawr 2,1589,
W01000990,Bryntirion Laleston and Merthyr Mawr 3,352,
W01000991,Caerau (Bridgend) 1,6,
W01000992,Caerau (Bridgend) 2,44,
W01000993,Caerau (Bridgend) 3,179,
W01000994,Caerau (Bridgend) 4,293,
W01000995,Caerau (Bridgend) 5,812,
W01000996,Cefn Cribwr,748,
W01000997,Cefn Glas,1264,
W01000998,Coity,1581,
W01000999,Cornelly 1,433,
W01001000,Cornelly 2,1009,
W01001001,Cornelly 3,687,
W01001002,Cornelly 4,189,
W01001003,Coychurch Lower,1322,
W01001004,Felindre 1,466,
W01001005,Felindre 2,1214,
W01001006,Hendre (Bridgend) 1,1719,
W01001007,Hendre (Bridgend) 2,824,
W01001008,Litchard,1714,
W01001009,Llangeinor,496,
W01001010,Llangewydd and Brynhyfryd 1,533,
W01001011,Llangewydd and Brynhyfryd 2,1434,
W01001012,Llangynwyd 1,1405,
W01001013,Llangynwyd 2,670,
W01001014,Maesteg East 1,409,
W01001015,Maesteg East 2,303,
W01001016,Maesteg East 3,828,
W01001017,Maesteg West 1,1158,
W01001018,Maesteg West 2,416,
W01001019,Maesteg West 3,254,
W01001020,Maesteg West 4,319,
W01001021,Morfa 1,401,
W01001022,Morfa 2,136,
W01001023,Morfa 3,342,
W01001024,Nant-y-moel 1,347,
W01001025,Nant-y-moel 2,542,
W01001026,Newcastle 1,440,
W01001027,Newcastle 2,1371,
W01001028,Newcastle 3,1221,
W01001029,Newton (Bridgend) 1,1536,
W01001030,Newton (Bridgend) 2,1408,
W01001031,Nottage 1,1710,
W01001032,Nottage 2,1659,
W01001033,Ogmore Vale 1,833,
W01001034,Ogmore Vale 2,485,
W01001035,Oldcastle 1,287,
W01001036,Oldcastle 2,1783,
W01001037,Oldcastle 3,1646,
W01001038,Pendre,839,
W01001039,Penprysg 1,1077,
W01001040,Penprysg 2,1306,
W01001041,Pen-y-fai,1658,
W01001042,Pontycymmer 1,551,
W01001043,Pontycymmer 2,425,
W01001044,Porthcawl East Central 1,484,
W01001045,Porthcawl East Central 2,567,
W01001046,Porthcawl West Central 1,580,
W01001047,Porthcawl West Central 2,1504,
W01001048,Pyle 1,1297,
W01001049,Pyle 2,248,
W01001050,Pyle 3,574,
W01001051,Pyle 4,565,
W01001052,Pyle 5,465,
W01001053,Rest Bay 1,1713,
W01001054,Rest Bay 2,1706,
W01001055,Sarn 1,141,
W01001056,Sarn 2,844,
W01001057,Ynysawdre 1,225,
W01001058,Ynysawdre 2,1062,
W01001059,Baruc 1,1551,
W01001060,Baruc 2,1763,
W01001061,Baruc 3,653,
W01001062,Baruc 4,1206,
W01001063,Buttrills 1,764,
W01001064,Buttrills 2,198,
W01001065,Buttrills 3,760,
W01001066,Buttrills 4,546,
W01001067,Cadoc 1,236,
W01001068,Cadoc 2,782,
W01001069,Cadoc 3,321,
W01001070,Cadoc 4,178,
W01001071,Cadoc 5,575,
W01001072,Cadoc 6,1697,
W01001073,Castleland 1,181,
W01001075,Cornerswell 1,1771,
W01001076,Cornerswell 2,1050,
W01001077,Cornerswell 3,1278,
W01001078,Cornerswell 4,1724,
W01001079,Court 1,359,
W01001080,Court 2,454,
W01001081,Court 3,169,
W01001082,Cowbridge 1,1649,
W01001083,Cowbridge 2,1770,
W01001084,Cowbridge 3,1727,
W01001085,Cowbridge 4,1704,
W01001086,Dinas Powys 1,1881,
W01001087,Dinas Powys 2,1792,
W01001088,Dinas Powys 3,887,
W01001089,Dinas Powys 4,1691,
W01001090,Dinas Powys 5,1799,
W01001091,Dyfan 1,1811,
W01001092,Dyfan 2,727,
W01001093,Dyfan 3,497,
W01001094,Gibbonsdown 1,312,
W01001095,Gibbonsdown 2,83,
W01001096,Gibbonsdown 3,823,
W01001097,Gibbonsdown 4,235,
W01001098,Illtyd 1,1818,
W01001099,Illtyd 2,809,
W01001100,Illtyd 3,1866,
W01001101,Illtyd 4,880,
W01001102,Illtyd 5,929,
W01001103,Illtyd 6,1872,
W01001104,Llandough,1553,
W01001105,Llandow/Ewenny,1630,
W01001106,Llantwit Major 1,1846,
W01001107,Llantwit Major 2,1599,
W01001108,Llantwit Major 3,1298,
W01001109,Llantwit Major 4,1315,
W01001110,Llantwit Major 5,1676,
W01001111,Llantwit Major 6,737,
W01001112,Llantwit Major 7,1815,
W01001113,Peterston-super-Ely,1672,
W01001114,Plymouth (The Vale of Glamorgan) 1,1856,
W01001115,Plymouth (The Vale of Glamorgan) 2,1635,
W01001116,Plymouth (The Vale of Glamorgan) 3,1803,
W01001117,Rhoose 1,1385,
W01001118,Rhoose 2,1313,
W01001119,Rhoose 3,1650,
W01001120,Rhoose 4,1736,
W01001121,St. Athan 1,676,
W01001122,St. Athan 2,1403,
W01001123,St. Augustine's 1,1669,
W01001124,St. Augustine's 2,1507,
W01001125,St. Augustine's 3,1477,
W01001126,St. Augustine's 4,1544,
W01001127,St. Bride's Major 1,1623,
W01001128,St. Bride's Major 2,1595,
W01001129,Stanwell 1,982,
W01001130,Stanwell 2,1867,
W01001131,Stanwell 3,777,
W01001132,Sully 1,1655,
W01001133,Sully 2,1660,
W01001134,Sully 3,1645,
W01001135,Wenvoe 1,1664,
W01001136,Wenvoe 2,1689,
W01001137,Aberaman North 1,472,
W01001138,Aberaman North 2,322,
W01001139,Aberaman North 3,683,
W01001140,Aberaman South 1,398,
W01001141,Aberaman South 2,253,
W01001142,Aberaman South 3,208,
W01001143,Abercynon 1,900,
W01001144,Abercynon 2,37,
W01001145,Abercynon 3,463,
W01001146,Abercynon 4,1178,
W01001147,Aberdare East 1,1025,
W01001148,Aberdare East 2,686,
W01001149,Aberdare East 3,717,
W01001150,Aberdare East 4,272,
W01001151,Aberdare West/Llwydcoed 1,1310,
W01001152,Aberdare West/Llwydcoed 2,706,
W01001153,Aberdare West/Llwydcoed 3,520,
W01001154,Aberdare West/Llwydcoed 4,430,
W01001155,Aberdare West/Llwydcoed 5,757,
W01001156,Aberdare West/Llwydcoed 6,1791,
W01001157,Beddau 1,1291,
W01001158,Beddau 2,648,
W01001159,Beddau 3,1695,
W01001160,Brynna 1,1586,
W01001161,Brynna 2,936,
W01001162,Church Village 1,338,
W01001164,Cilfynydd 1,789,
W01001165,Cilfynydd 2,775,
W01001166,Cwm Clydach 1,184,
W01001167,Cwm Clydach 2,459,
W01001168,Cwmbach 1,667,
W01001169,Cwmbach 2,81,
W01001170,Cwmbach 3,1612,
W01001171,Cymmer (Rhondda Cynon Taf) 1,571,
W01001172,Cymmer (Rhondda Cynon Taf) 2,792,
W01001173,Cymmer (Rhondda Cynon Taf) 3,94,
W01001174,Cymmer (Rhondda Cynon Taf) 4,71,
W01001175,Ferndale 1,697,
W01001176,Ferndale 2,540,
W01001177,Ferndale 3,393,
W01001178,Gilfach Goch 1,586,
W01001179,Gilfach Goch 2,75,
W01001180,Glyncoch 1,28,
W01001181,Glyncoch 2,460,
W01001182,Graig (Rhondda Cynon Taf) 1,612,
W01001183,Graig (Rhondda Cynon Taf) 2,385,
W01001184,Hawthorn 1,981,
W01001185,Hawthorn 2,396,
W01001186,Hirwaun 1,889,
W01001187,Hirwaun 2,776,
W01001188,Hirwaun 3,180,
W01001189,Llanharan 1,611,
W01001190,Llanharan 2,1473,
W01001191,Llanharry 1,1532,
W01001192,Llanharry 2,210,
W01001193,Llantrisant Town 1,1768,
W01001194,Llantrisant Town 2,1821,
W01001195,Llantrisant Town 3,990,
W01001196,Llantwit Fardre 1,1641,
W01001197,Llantwit Fardre 2,1789,
W01001198,Llantwit Fardre 3,1600,
W01001199,Llantwit Fardre 4,1535,
W01001200,Llwyn-y-pia 1,431,
W01001201,Llwyn-y-pia 2,161,
W01001202,Maerdy 1,97,
W01001203,Maerdy 2,60,
W01001204,Mountain Ash East 1,1038,
W01001205,Mountain Ash East 2,559,
W01001206,Mountain Ash West 1,366,
W01001207,Mountain Ash West 2,96,
W01001208,Mountain Ash West 3,421,
W01001209,Penrhiwceiber 1,15,
W01001210,Penrhiwceiber 2,258,
W01001211,Penrhiwceiber 3,456,
W01001212,Penrhiwceiber 4,297,
W01001213,Pentre 1,804,
W01001214,Pentre 2,1424,
W01001215,Pentre 3,204,
W01001216,Pentre 4,523,
W01001217,Pen-y-graig 1,270,
W01001218,Pen-y-graig 2,638,
W01001219,Pen-y-graig 3,109,
W01001220,Pen-y-graig 4,620,
W01001221,Pen-y-waun 1,92,
W01001222,Pen-y-waun 2,9,
W01001223,Pont-y-clun 1,1750,
W01001224,Pont-y-clun 2,1844,
W01001225,Pont-y-clun 3,1785,
W01001226,Pont-y-clun 4,1024,
W01001227,Pontypridd Town 1,1605,
W01001228,Pontypridd Town 2,1202,
W01001229,Porth 1,794,
W01001230,Porth 2,1166,
W01001231,Porth 3,482,
W01001232,Porth 4,374,
W01001233,Rhigos,696,
W01001234,Rhondda 1,746,
W01001235,Rhondda 2,593,
W01001236,Rhondda 3,1063,
W01001237,Rhydfelen Central / Llan 1,250,
W01001238,Rhydfelen Central / Llan 2,17,
W01001239,Rhydfelen Central / Llan 3,185,
W01001240,Taffs Well 1,1117,
W01001241,Taffs Well 2,1046,
W01001242,Talbot Green 1,1469,
W01001243,Talbot Green 2,373,
W01001244,Ton-teg 1,1362,
W01001245,Ton-teg 2,1723,
W01001246,Ton-teg 3,1233,
W01001247,Tonypandy 1,512,
W01001248,Tonypandy 2,749,
W01001249,Tonyrefail East 1,436,
W01001250,Tonyrefail East 2,715,
W01001251,Tonyrefail East 3,66,
W01001252,Tonyrefail East 4,1386,
W01001253,Tonyrefail West 1,280,
W01001255,Tonyrefail West 3,192,
W01001256,Trallwng 1,768,
W01001257,Trallwng 2,1203,
W01001258,Trallwng 3,711,
W01001259,Trealaw 1,643,
W01001260,Trealaw 2,106,
W01001261,Trealaw 3,438,
W01001262,Treforest 1,690,
W01001263,Treforest 2,1099,
W01001264,Treforest 3,1305,
W01001265,Treherbert 1,499,
W01001266,Treherbert 2,164,
W01001267,Treherbert 3,153,
W01001268,Treherbert 4,414,
W01001269,Treorchy 1,952,
W01001270,Treorchy 2,600,
W01001271,Treorchy 3,367,
W01001272,Treorchy 4,608,
W01001273,Treorchy 5,860,
W01001274,Tylorstown 1,5,
W01001275,Tylorstown 2,214,
W01001276,Tylorstown 3,131,
W01001277,Tyn-y-nant 1,1608,
W01001278,Tyn-y-nant 2,548,
W01001279,Tyn-y-nant 3,137,
W01001280,Ynyshir 1,127,
W01001281,Ynyshir 2,691,
W01001282,Ynysybwl 1,252,
W01001283,Ynysybwl 2,750,
W01001284,Ynysybwl 3,1679,
W01001285,Ystrad 1,553,
W01001286,Ystrad 2,547,
W01001287,Ystrad 3,391,
W01001288,Ystrad 4,215,
W01001289,Bedlinog 1,424,
W01001290,Bedlinog 2,417,
W01001291,Cyfarthfa 1,851,
W01001292,Cyfarthfa 2,30,
W01001293,Cyfarthfa 3,477,
W01001294,Cyfarthfa 4,1611,
W01001295,Dowlais 1,160,
W01001296,Dowlais 2,867,
W01001297,Dowlais 3,581,
W01001298,Dowlais 4,305,
W01001299,Gurnos 1,32,
W01001300,Gurnos 2,61,
W01001301,Gurnos 3,121,
W01001302,Merthyr Vale 1,405,
W01001303,Merthyr Vale 2,8,
W01001304,Merthyr Vale 3,922,
W01001305,Park 1,973,
W01001306,Park 2,1401,
W01001307,Park 3,175,
W01001308,Penydarren 1,14,
W01001309,Penydarren 2,203,
W01001310,Penydarren 3,948,
W01001311,Penydarren 4,495,
W01001312,Plymouth (Merthyr Tydfil) 1,439,
W01001313,Plymouth (Merthyr Tydfil) 2,545,
W01001314,Plymouth (Merthyr Tydfil) 3,722,
W01001315,Town 1,335,
W01001316,Town 2,1283,
W01001317,Town 3,408,
W01001318,Town 4,1055,
W01001319,Treharris 1,1596,
W01001320,Treharris 2,779,
W01001321,Treharris 3,448,
W01001322,Treharris 4,452,
W01001324,Vaynor 2,1081,
W01001325,Aberbargoed 1,219,
W01001326,Aberbargoed 2,190,
W01001327,Abercarn 1,1114,
W01001328,Abercarn 2,815,
W01001329,Abercarn 3,692,
W01001330,Aber Valley 1,713,
W01001331,Aber Valley 2,521,
W01001332,Aber Valley 3,341,
W01001333,Aber Valley 4,371,
W01001334,Argoed (Caerphilly) 1,188,
W01001335,Argoed (Caerphilly) 2,558,
W01001336,Bargoed 1,527,
W01001337,Bargoed 2,681,
W01001338,Bargoed 3,562,
W01001339,Bargoed 4,23,
W01001340,Bedwas Trethomas and Machen 1,1728,
W01001341,Bedwas Trethomas and Machen 2,260,
W01001342,Bedwas Trethomas and Machen 3,1643,
W01001343,Bedwas Trethomas and Machen 4,1570,
W01001344,Bedwas Trethomas and Machen 5,997,
W01001345,Bedwas Trethomas and Machen 6,25,
W01001346,Bedwas Trethomas and Machen 7,868,
W01001347,Blackwood 1,940,
W01001348,Blackwood 2,324,
W01001349,Blackwood 3,1618,
W01001350,Blackwood 4,836,
W01001351,Blackwood 5,1693,
W01001352,Cefn Fforest 1,333,
W01001353,Cefn Fforest 2,462,
W01001354,Crosskeys 1,1219,
W01001355,Crosskeys 2,661,
W01001356,Crumlin 1,1661,
W01001357,Crumlin 2,1170,
W01001358,Crumlin 3,276,
W01001359,Crumlin 4,935,
W01001360,Darren Valley 1,785,
W01001361,Darren Valley 2,126,
W01001362,Gilfach,557,
W01001363,Hengoed (Caerphilly) 1,501,
W01001364,Hengoed (Caerphilly) 2,88,
W01001365,Hengoed (Caerphilly) 3,698,
W01001366,Llanbradach 1,974,
W01001367,Llanbradach 2,917,
W01001368,Llanbradach 3,377,
W01001369,Maesycwmmer,976,
W01001370,Morgan Jones 1,840,
W01001371,Morgan Jones 2,220,
W01001372,Morgan Jones 3,1125,
W01001373,Morgan Jones 4,949,
W01001374,Moriah 1,428,
W01001375,Moriah 2,229,
W01001376,Moriah 3,62,
W01001377,Nelson 1,1232,
W01001378,Nelson 2,473,
W01001379,Nelson 3,1431,
W01001380,Newbridge 1,1122,
W01001381,Newbridge 2,146,
W01001382,Newbridge 3,1435,
W01001383,Newbridge 4,850,
W01001384,New Tredegar 1,632,
W01001385,New Tredegar 2,245,
W01001386,New Tredegar 3,70,
W01001387,Pengam 1,353,
W01001388,Pengam 2,422,
W01001389,Pengam 3,1068,
W01001390,Penmaen 1,1711,
W01001391,Penmaen 2,885,
W01001392,Penmaen 3,1503,
W01001393,Penyrheol (Caerphilly) 1,382,
W01001394,Penyrheol (Caerphilly) 2,1842,
W01001395,Penyrheol (Caerphilly) 3,639,
W01001396,Penyrheol (Caerphilly) 4,139,
W01001397,Penyrheol (Caerphilly) 5,1182,
W01001398,Penyrheol (Caerphilly) 6,1561,
W01001399,Penyrheol (Caerphilly) 7,1282,
W01001400,Penyrheol (Caerphilly) 8,115,
W01001401,Pontllanfraith 1,588,
W01001402,Pontllanfraith 2,309,
W01001403,Pontllanfraith 3,942,
W01001404,Pontllanfraith 4,1752,
W01001405,Pontllanfraith 5,621,
W01001406,Pontlottyn,307,
W01001407,Risca East 1,1152,
W01001408,Risca East 2,426,
W01001409,Risca East 3,1320,
W01001410,Risca East 4,589,
W01001411,Risca West 1,761,
W01001412,Risca West 2,870,
W01001413,Risca West 3,613,
W01001414,St. Cattwg 1,213,
W01001415,St. Cattwg 2,616,
W01001416,St. Cattwg 3,963,
W01001417,St. Cattwg 4,1404,
W01001418,St. Cattwg 5,368,
W01001419,St. James 1,1086,
W01001420,St. James 2,1308,
W01001421,St. James 3,1,
W01001422,St. James 4,107,
W01001423,St. Martins 1,1470,
W01001424,St. Martins 2,758,
W01001425,St. Martins 3,1271,
W01001426,St. Martins 4,1753,
W01001427,St. Martins 5,1878,
W01001428,Twyn Carno 1,7,
W01001429,Twyn Carno 2,605,
W01001430,Ynysddu 1,532,
W01001431,Ynysddu 2,955,
W01001432,Ystrad Mynach 1,905,
W01001433,Ystrad Mynach 2,725,
W01001434,Ystrad Mynach 3,1549,
W01001435,Abertillery 1,457,
W01001436,Abertillery 2,344,
W01001437,Abertillery 3,798,
W01001438,Badminton 1,603,
W01001439,Badminton 2,978,
W01001440,Beaufort 1,577,
W01001441,Beaufort 2,134,
W01001442,Beaufort 3,1257,
W01001443,Blaina 1,308,
W01001444,Blaina 2,480,
W01001445,Blaina 3,606,
W01001446,Brynmawr 1,945,
W01001447,Brynmawr 2,241,
W01001448,Brynmawr 3,541,
W01001449,Brynmawr 4,530,
W01001450,Cwm 1,568,
W01001451,Cwm 2,237,
W01001452,Cwm 3,994,
W01001453,Cwmtillery 1,170,
W01001454,Cwmtillery 2,515,
W01001455,Cwmtillery 3,453,
W01001456,Ebbw Vale North 1,330,
W01001457,Ebbw Vale North 2,68,
W01001458,Ebbw Vale North 3,1034,
W01001459,Ebbw Vale South 1,76,
W01001460,Ebbw Vale South 2,556,
W01001461,Ebbw Vale South 3,555,
W01001462,Georgetown 1,630,
W01001463,Georgetown 2,1133,
W01001464,Llanhilleth 1,165,
W01001465,Llanhilleth 2,263,
W01001466,Llanhilleth 3,365,
W01001467,Nantyglo 1,221,
W01001468,Nantyglo 2,255,
W01001469,Nantyglo 3,111,
W01001470,Rassau 1,1049,
W01001471,Rassau 2,132,
W01001472,Sirhowy 1,995,
W01001473,Sirhowy 2,16,
W01001474,Sirhowy 3,375,
W01001475,Sirhowy 4,787,
W01001476,Six Bells 1,290,
W01001477,Six Bells 2,773,
W01001478,Tredegar Central and West 1,795,
W01001479,Tredegar Central and West 2,18,
W01001480,Tredegar Central and West 3,167,
W01001481,Tredegar Central and West 4,186,
W01001482,Abersychan 1,282,
W01001483,Abersychan 2,199,
W01001484,Abersychan 3,1304,
W01001485,Abersychan 4,413,
W01001486,Abersychan 5,853,
W01001487,Blaenavon 1,685,
W01001488,Blaenavon 2,196,
W01001489,Blaenavon 3,573,
W01001490,Blaenavon 4,1336,
W01001491,Brynwern,441,
W01001492,Coed Eva,1101,
W01001493,Croesyceiliog North 1,886,
W01001494,Croesyceiliog North 2,1580,
W01001495,Croesyceiliog South,1414,
W01001496,Cwmyniscoy,242,
W01001497,Fairwater (Torfaen) 1,517,
W01001498,Fairwater (Torfaen) 2,406,
W01001499,Fairwater (Torfaen) 3,1345,
W01001500,Fairwater (Torfaen) 4,1454,
W01001501,Greenmeadow 1,350,
W01001502,Greenmeadow 2,1627,
W01001503,Greenmeadow 3,257,
W01001504,Llantarnam 1,771,
W01001505,Llantarnam 2,1358,
W01001506,Llantarnam 3,273,
W01001507,Llanyrafon North,1286,
W01001508,Llanyrafon South 1,1499,
W01001509,Llanyrafon South 2,1841,
W01001510,New Inn 1,1008,
W01001511,New Inn 2,1006,
W01001512,New Inn 3,1836,
W01001513,New Inn 4,1754,
W01001514,Panteg 1,1529,
W01001515,Panteg 2,1223,
W01001516,Panteg 3,399,
W01001517,Panteg 4,1467,
W01001518,Panteg 5,1604,
W01001519,Pontnewydd 1,138,
W01001520,Pontnewydd 2,983,
W01001521,Pontnewydd 3,682,
W01001522,Pontnewydd 4,645,
W01001523,Pontnewynydd,753,
W01001524,Pontypool,641,
W01001525,St. Cadocs and Penygarn,314,
W01001526,St. Dials 1,226,
W01001527,St. Dials 2,491,
W01001528,St. Dials 3,688,
W01001529,Snatchwood,364,
W01001530,Trevethin 1,35,
W01001531,Trevethin 2,402,
W01001532,Two Locks 1,274,
W01001533,Two Locks 2,1741,
W01001534,Two Locks 3,986,
W01001535,Two Locks 4,1136,
W01001536,Upper Cwmbran 1,78,
W01001537,Upper Cwmbran 2,1523,
W01001538,Upper Cwmbran 3,243,
W01001539,Upper Cwmbran 4,526,
W01001540,Wainfelin 1,1377,
W01001541,Wainfelin 2,665,
W01001542,Caerwent,1481,
W01001543,Caldicot Castle 1,1813,
W01001545,Cantref 1,1686,
W01001546,Cantref 2,404,
W01001548,Crucorney,1217,
W01001549,Devauden,1638,
W01001551,Dewstow & Green Lane 2,810,
W01001552,Dixton with Osbaston,1861,
W01001553,Drybridge 1,1382,
W01001554,Drybridge 2,1550,
W01001555,Goetre Fawr 1,1712,
W01001556,Goetre Fawr 2,1065,
W01001557,Grofield,803,
W01001558,Lansdown,739,
W01001559,Larkfield,1449,
W01001560,Llanbadoc,1546,
W01001561,Llanelly Hill 1,1855,
W01001562,Llanelly Hill 2,914,
W01001563,Llanelly Hill 3,1463,
W01001564,Castle & Llanfoist Fawr,1042,
W01001565,Llangybi Fawr,1524,
W01001566,Llanover 1,854,
W01001567,Llanover 2,1120,
W01001568,Llantilio Crossenny,1328,
W01001569,Llanwenarth Ultra,1350,
W01001571,Mardy 2,1253,
W01001572,Mill 1,1562,
W01001573,Mill 2,1767,
W01001574,Mill 3,1757,
W01001575,Mitchel Troy,1528,
W01001576,Overmonnow 1,1230,
W01001577,Overmonnow 2,410,
W01001578,Portskewett,1675,
W01001579,Priory 1,1281,
W01001580,Priory 2,932,
W01001581,Raglan,1603,
W01001582,Rogiet,1451,
W01001583,St. Arvans,1437,
W01001584,St. Christopher's,1193,
W01001585,St. Kingsmark 1,1909,
W01001586,St. Kingsmark 2,1892,
W01001587,St. Mary's,989,
W01001588,Severn 1,1556,
W01001589,Severn 2,765,
W01001590,Shirenewton,1682,
W01001591,The Elms,1848,
W01001592,Thornwell 1,450,
W01001593,Thornwell 2,1139,
W01001594,Trellech United 1,1194,
W01001595,Trellech United 2,1616,
W01001596,Usk 1,1571,
W01001597,Usk 2,1808,
W01001598,West End,601,
W01001599,Wyesham,1087,
W01001600,Allt-yr-yn 1,1756,
W01001601,Allt-yr-yn 2,327,
W01001602,Allt-yr-yn 3,1857,
W01001603,Allt-yr-yn 4,865,
W01001604,Allt-yr-yn 5,1769,
W01001605,Allt-yr-yn 6,607,
W01001606,Alway 1,1607,
W01001607,Alway 2,36,
W01001608,Alway 3,1478,
W01001609,Alway 4,69,
W01001610,Alway 5,587,
W01001611,Alway 6,838,
W01001612,Beechwood 1,845,
W01001613,Beechwood 2,1227,
W01001614,Beechwood 3,289,
W01001615,Beechwood 4,1003,
W01001616,Beechwood 5,1508,
W01001617,Bettws (Newport) 1,77,
W01001618,Bettws (Newport) 2,222,
W01001619,Bettws (Newport) 3,118,
W01001620,Bettws (Newport) 4,281,
W01001621,Bettws (Newport) 5,159,
W01001622,Bettws (Newport) 6,642,
W01001623,Caerleon 1,1590,
W01001624,Caerleon 2,1764,
W01001625,Caerleon 3,1662,
W01001626,Caerleon 4,1391,
W01001627,Caerleon 5,1722,
W01001628,Caerleon 6,738,
W01001629,Gaer 1,1177,
W01001630,Gaer 2,390,
W01001631,Gaer 3,1564,
W01001632,Gaer 4,569,
W01001633,Gaer 5,211,
W01001634,Gaer 6,434,
W01001635,Graig (Newport) 1,1730,
W01001636,Graig (Newport) 2,1731,
W01001637,Graig (Newport) 3,1617,
W01001638,Graig (Newport) 4,1835,
W01001639,Langstone 1,1766,
W01001640,Langstone 2,1629,
W01001641,Langstone 3,1609,
W01001642,Liswerry 1,304,
W01001643,Liswerry 2,183,
W01001644,Liswerry 3,770,
W01001645,Liswerry 4,538,
W01001646,Liswerry 5,223,
W01001647,Liswerry 6,784,
W01001648,Liswerry 7,893,
W01001649,Llanwern 1,918,
W01001650,Llanwern 2,629,
W01001651,Malpas 1,1827,
W01001652,Malpas 2,114,
W01001653,Malpas 3,1702,
W01001654,Malpas 4,1491,
W01001655,Malpas 5,1668,
W01001657,Marshfield 2,1790,
W01001658,Marshfield 3,1606,
W01001659,Pillgwenlly 1,12,
W01001660,Pillgwenlly 2,202,
W01001661,Pillgwenlly 3,93,
W01001662,Pillgwenlly 4,10,
W01001663,Ringland 1,443,
W01001664,Ringland 2,205,
W01001665,Ringland 3,637,
W01001666,Ringland 4,130,
W01001667,Ringland 5,74,
W01001668,Ringland 6,200,
W01001669,Rogerstone 1,1870,
W01001670,Rogerstone 2,1797,
W01001671,Rogerstone 3,675,
W01001672,Rogerstone 4,1346,
W01001673,Rogerstone 5,1840,
W01001674,Rogerstone 6,1225,
W01001675,St. Julians 1,1026,
W01001676,St. Julians 2,481,
W01001677,St. Julians 3,1460,
W01001678,St. Julians 4,511,
W01001679,St. Julians 5,1572,
W01001680,St. Julians 6,1040,
W01001681,Shaftesbury 1,227,
W01001682,Shaftesbury 2,602,
W01001683,Shaftesbury 3,1091,
W01001684,Shaftesbury 4,1074,
W01001685,Stow Hill 1,427,
W01001686,Stow Hill 2,708,
W01001687,Stow Hill 3,156,
W01001688,Tredegar Park 1,615,
W01001689,Tredegar Park 2,42,
W01001690,Victoria 1,378,
W01001691,Victoria 2,259,
W01001692,Victoria 3,265,
W01001693,Victoria 4,228,
W01001694,Adamsdown 1,129,
W01001695,Adamsdown 2,412,
W01001696,Adamsdown 3,53,
W01001697,Adamsdown 4,279,
W01001698,Adamsdown 5,191,
W01001699,Butetown 1,87,
W01001702,Caerau (Cardiff) 1,524,
W01001703,Caerau (Cardiff) 2,65,
W01001704,Caerau (Cardiff) 3,40,
W01001705,Caerau (Cardiff) 4,286,
W01001706,Caerau (Cardiff) 5,510,
W01001707,Caerau (Cardiff) 6,120,
W01001708,Caerau (Cardiff) 7,63,
W01001709,Canton 1,716,
W01001710,Canton 2,878,
W01001711,Canton 3,384,
W01001712,Canton 4,1102,
W01001713,Canton 5,705,
W01001714,Canton 6,1725,
W01001715,Canton 7,1576,
W01001716,Canton 8,1252,
W01001717,Canton 9,817,
W01001718,Cathays 1,1134,
W01001719,Cathays 2,1653,
W01001720,Cathays 3,950,
W01001721,Cathays 4,1369,
W01001722,Cathays 5,1179,
W01001724,Cathays 6,1366,
W01001725,Cathays 7,1483,
W01001726,Cathays 8,1130,
W01001727,Creigiau/St. Fagans 1,1748,
W01001728,Creigiau/St. Fagans 2,1887,
W01001729,Creigiau/St. Fagans 3,1715,
W01001730,Cyncoed 1,1907,
W01001731,Cyncoed 2,1902,
W01001732,Cyncoed 3,1860,
W01001733,Cyncoed 4,1865,
W01001734,Cyncoed 5,1875,
W01001735,Cyncoed 6,1822,
W01001736,Cyncoed 7,1903,
W01001737,Ely 1,47,
W01001738,Ely 2,39,
W01001739,Ely 3,46,
W01001740,Ely 4,31,
W01001741,Ely 5,24,
W01001742,Ely 6,58,
W01001743,Ely 7,1588,
W01001744,Ely 8,101,
W01001745,Ely 9,1633,
W01001746,Ely 10,151,
W01001747,Fairwater (Cardiff) 1,1393,
W01001748,Fairwater (Cardiff) 2,445,
W01001749,Fairwater (Cardiff) 3,583,
W01001750,Fairwater (Cardiff) 4,300,
W01001751,Fairwater (Cardiff) 5,232,
W01001752,Fairwater (Cardiff) 6,1465,
W01001753,Fairwater (Cardiff) 7,144,
W01001754,Fairwater (Cardiff) 8,1224,
W01001755,Gabalfa 1,1501,
W01001756,Gabalfa 2,985,
W01001757,Gabalfa 3,1426,
W01001758,Gabalfa 4,1490,
W01001759,Grangetown 1,825,
W01001760,Grangetown 2,490,
W01001761,Grangetown 3,275,
W01001762,Grangetown 4,48,
W01001764,Grangetown 5,420,
W01001765,Grangetown 6,345,
W01001766,Grangetown 7,329,
W01001767,Grangetown 8,388,
W01001768,Grangetown 9,247,
W01001769,Heath 1,1905,
W01001770,Heath 2,1534,
W01001771,Heath 3,1869,
W01001772,Heath 4,1732,
W01001773,Heath 5,1632,
W01001774,Heath 6,1884,
W01001775,Heath 7,1537,
W01001776,Heath 8,1765,
W01001777,Lisvane 1,1874,
W01001778,Lisvane 2,1886,
W01001779,Llandaff 1,1859,
W01001780,Llandaff 2,1778,
W01001781,Llandaff 3,1500,
W01001782,Llandaff 4,1814,
W01001783,Llandaff 5,1888,
W01001784,Llandaff 6,1829,
W01001785,Llandaff North 1,195,
W01001786,Llandaff North 2,879,
W01001787,Llandaff North 3,467,
W01001788,Llandaff North 4,147,
W01001789,Llandaff North 5,1486,
W01001790,Llandaff North 6,550,
W01001791,Llanishen 1,1619,
W01001792,Llanishen 2,503,
W01001793,Llanishen 3,1858,
W01001794,Llanishen 4,1863,
W01001795,Llanishen 5,1906,
W01001796,Llanishen 6,1726,
W01001797,Llanishen 7,1738,
W01001798,Llanishen 8,1833,
W01001799,Llanishen 9,1830,
W01001800,Llanishen 10,599,
W01001802,Llanrumney 1,544,
W01001803,Llanrumney 2,301,
W01001804,Llanrumney 3,419,
W01001805,Llanrumney 4,233,
W01001806,Llanrumney 5,961,
W01001807,Llanrumney 6,84,
W01001808,Llanrumney 7,89,
W01001809,Pentwyn 1,1082,
W01001810,Pentwyn 2,251,
W01001811,Pentwyn 3,73,
W01001812,Pentwyn 4,552,
W01001813,Pentwyn 5,95,
W01001814,Pentwyn 6,956,
W01001815,Pentwyn 7,1239,
W01001816,Pentwyn 8,486,
W01001817,Pentwyn 9,1183,
W01001818,Pentwyn 10,911,
W01001819,Pentyrch 1,1812,
W01001820,Pentyrch 2,1626,
W01001821,Penylan 1,1774,
W01001822,Penylan 2,1415,
W01001823,Penylan 3,1795,
W01001824,Penylan 4,988,
W01001825,Penylan 5,814,
W01001826,Penylan 6,1709,
W01001827,Penylan 7,1853,
W01001828,Penylan 8,1793,
W01001829,Plasnewydd 1,924,
W01001830,Plasnewydd 2,509,
W01001831,Plasnewydd 3,1290,
W01001832,Plasnewydd 4,689,
W01001833,Plasnewydd 5,710,
W01001834,Plasnewydd 6,626,
W01001835,Plasnewydd 7,174,
W01001836,Plasnewydd 8,1406,
W01001837,Plasnewydd 9,903,
W01001838,Plasnewydd 10,1327,
W01001839,Plasnewydd 11,1142,
W01001840,Pontprennau/Old St. Mellons 1,1111,
W01001841,Pontprennau/Old St. Mellons 2,1742,
W01001842,Pontprennau/Old St. Mellons 3,1809,
W01001843,Pontprennau/Old St. Mellons 4,1802,
W01001844,Pontprennau/Old St. Mellons 5,1540,
W01001846,Radyr & Morganstown 1,1747,
W01001847,Radyr & Morganstown 2,1890,
W01001848,Rhiwbina 1,1826,
W01001849,Rhiwbina 2,1845,
W01001850,Rhiwbina 3,1889,
W01001851,Rhiwbina 4,1749,
W01001852,Rhiwbina 5,1897,
W01001853,Rhiwbina 6,1894,
W01001854,Rhiwbina 7,1880,
W01001855,Riverside 1,283,
W01001856,Riverside 2,135,
W01001857,Riverside 3,85,
W01001858,Riverside 4,1353,
W01001859,Riverside 5,1383,
W01001860,Riverside 6,1515,
W01001861,Riverside 7,1041,
W01001862,Riverside 8,379,
W01001863,Rumney 1,871,
W01001864,Rumney 2,1459,
W01001865,Rumney 3,1144,
W01001866,Rumney 4,162,
W01001867,Rumney 5,59,
W01001868,Rumney 6,339,
W01001869,Splott 1,418,
W01001870,Splott 2,447,
W01001871,Splott 3,26,
W01001872,Splott 4,244,
W01001873,Splott 5,91,
W01001874,Splott 6,4,
W01001875,Splott 7,383,
W01001876,Splott 8,56,
W01001877,Trowbridge 1,1244,
W01001878,Trowbridge 2,805,
W01001879,Trowbridge 3,143,
W01001880,Trowbridge 4,38,
W01001881,Trowbridge 5,152,
W01001882,Trowbridge 6,1334,
W01001883,Trowbridge 7,86,
W01001884,Trowbridge 8,13,
W01001885,Trowbridge 9,313,
W01001886,Trowbridge 10,51,
W01001887,Whitchurch and Tongwynlais 1,1895,
W01001888,Whitchurch and Tongwynlais 2,1487,
W01001889,Whitchurch and Tongwynlais 3,1295,
W01001890,Whitchurch and Tongwynlais 4,1698,
W01001891,Whitchurch and Tongwynlais 5,1270,
W01001892,Whitchurch and Tongwynlais 6,1788,
W01001893,Whitchurch and Tongwynlais 7,1267,
W01001894,Whitchurch and Tongwynlais 8,1800,
W01001895,Whitchurch and Tongwynlais 9,370,
W01001896,Whitchurch and Tongwynlais 10,1849,
W01001897,Talybont-on-Usk,1441,
W01001898,Vaynor 1,566,
W01001899,Cwm-twrch,662,
W01001900,Ystalyfera 1,570,
W01001901,St. John 1,1654,
W01001902,St. John 2,493,
W01001903,Crickhowell,1708,
W01001904,Llangattock and Glangrwyney,1520,
W01001905,"Llangors, Bwlch & Grwyney",1367,
W01001906,Llanrhaeadr-ym-Mochnant,1108,
W01001907,Llansilin,1251,
W01001908,Dewstow,958,
W01001909,Croesonen,564,
W01001910,Castleland 2G,346,
W01001911,Castleland 2H,306,
W01001912,Marshfield 4,1135,
W01001913,Marshfield 5,1400,
W01001914,Tonyrefail West 2,1498,
W01001915,Church Village 2,1737,
W01001916,Church Village 3,1839,
W01001917,Tonyrefail West 4,668,
W01001918,Bryntirion Laleston and Merthyr Mawr 1,1899,
W01001919,Bryntirion Laleston and Merthyr Mawr 4,1864,
W01001920,Bryntirion Laleston and Merthyr Mawr 5,1744,
W01001921,Bryntirion Laleston and Merthyr Mawr 6,1533,
W01001922,Cathays 9,953,
W01001923,Glanymor 3,423,
W01001924,Glanymor 4,154,
W01001925,Hengoed 2,902,
W01001926,Llansanffraid,1542,
W01001927,Abergele Pensarn 1,723,
W01001928,Abergele Pensarn 2,57,
W01001929,Smithfield 2,483,
W01001930,Ceiriog Valley 3,1119,
W01001931,Smithfield 3,206,
W01001932,Aberdaron / Botwnnog & Tudweiliog,920,
W01001933,Aberdovey / Bryn-crug / Llanfihangel,1318,
W01001934,Penglais,1652,
W01001935,Llanbadarn Fawr South,1729,
W01001936,Llanbadarn Fawr North,1776,
W01001937,Borth,1174,
W01001938,Castle 7 East,909,
W01001939,Cathays 10,821,
W01001940,Butetown 2,1495,
W01001941,Cathays 11,800,
W01001942,Butetown 3,197,
W01001943,Butetown 4,1169,
W01001944,Butetown 5,1462,
W01001945,Grangetown 10,1509,
W01001946,Grangetown 11,299,
W01001947,Grangetown 12,1275,
W01001948,Radyr & Morganstown 3,1900,
W01001949,Llanishen 11,1642,
W01001950,Butetown 6,1432,
W01001951,Butetown 7,1022,
W01001952,Butetown 8,348,
W01001953,Llanishen 12,1212,
W01001954,Radyr & Morganstown 4,1893,
W01001955,Castle 2 North,27,
W01001956,Killay 3,1882,
W01001957,Castle 7 West,731,
W01001958,Castle 2 South,1173,