PCON19CD,PCON19NM,mp_name,party,cabinet,position,title,att_stat,title_short
E14000680,East Hampshire,Damian Hinds,Conservative,NA,NA,,Not in Cabinet,
E14000681,East Surrey,Claire Coutinho,Conservative,NA,NA,,Not in Cabinet,
E14000682,East Worthing and Shoreham,Tim Loughton,Conservative,NA,NA,,Not in Cabinet,
E14000683,East Yorkshire,Greg Knight,Conservative,NA,NA,,Not in Cabinet,
E14000684,Eastbourne,Caroline Ansell,Conservative,NA,NA,,Not in Cabinet,
E14000685,Eastleigh,Paul Holmes,Conservative,NA,NA,,Not in Cabinet,
E14000686,Eddisbury,Edward Timpson,Conservative,NA,NA,,Not in Cabinet,
E14000687,Edmonton,Kate Osamor,Labour Co-operative,NA,NA,,Not in Cabinet,
E14000688,Ellesmere Port and Neston,Justin Madders,Labour,NA,NA,,Not in Cabinet,
E14000689,Elmet and Rothwell,Alec Shelbrooke,Conservative,NA,NA,,Not in Cabinet,
E14000690,Eltham,Clive Efford,Labour,NA,NA,,Not in Cabinet,
E14000691,Enfield North,Feryal Clark,Labour,NA,NA,,Not in Cabinet,
E14000692,"Enfield, Southgate",Bambos Charalambous,Labour,NA,NA,,Not in Cabinet,
E14000693,Epping Forest,Eleanor Laing,Conservative,NA,NA,,Not in Cabinet,
E14000694,Epsom and Ewell,Chris Grayling,Conservative,NA,NA,,Not in Cabinet,
E14000695,Erewash,Maggie Throup,Conservative,NA,NA,,Not in Cabinet,
E14000696,Erith and Thamesmead,Abena Oppong-Asare,Labour,NA,NA,,Not in Cabinet,
E14000697,Esher and Walton,Dominic Raab,Conservative,FULL,FCO,"Secretary of State for Foreign and Commonwealth Affairs, and First Secretary of State",Full Member,FCO
E14000698,Exeter,Ben Bradshaw,Labour,NA,NA,,Not in Cabinet,
E14000699,Fareham,Suella Braverman,Conservative,ATT,AGO,Attorney General,Attending Member,Att Gen
E14000700,Faversham and Mid Kent,Helen Whately,Conservative,NA,NA,,Not in Cabinet,
E14000701,Feltham and Heston,Seema Malhotra,Labour Co-operative,NA,NA,,Not in Cabinet,
E14000702,Filton and Bradley Stoke,Jack Lopresti,Conservative,NA,NA,,Not in Cabinet,
E14000703,Finchley and Golders Green,Mike Freer,Conservative,NA,NA,,Not in Cabinet,
E14000704,Folkestone and Hythe,Damian Collins,Conservative,NA,NA,,Not in Cabinet,
E14000705,Forest of Dean,Mark Harper,Conservative,NA,NA,,Not in Cabinet,
E14000706,Fylde,Mark Menzies,Conservative,NA,NA,,Not in Cabinet,
E14000707,Gainsborough,Edward Leigh,Conservative,NA,NA,,Not in Cabinet,
E14000708,Garston and Halewood,Maria Eagle,Labour,NA,NA,,Not in Cabinet,
E14000709,Gateshead,Ian Mearns,Labour,NA,NA,,Not in Cabinet,
E14000710,Gedling,Tom Randall,Conservative,NA,NA,,Not in Cabinet,
E14000711,Gillingham and Rainham,Rehman Chishti,Conservative,NA,NA,,Not in Cabinet,
E14000712,Gloucester,Richard Graham,Conservative,NA,NA,,Not in Cabinet,
E14000713,Gosport,Caroline Dinenage,Conservative,NA,NA,,Not in Cabinet,
E14000714,Grantham and Stamford,Gareth Davies,Conservative,NA,NA,,Not in Cabinet,
E14000715,Gravesham,Adam Holloway,Conservative,NA,NA,,Not in Cabinet,
E14000716,Great Grimsby,Lia Nici,Conservative,NA,NA,,Not in Cabinet,
E14000717,Great Yarmouth,Brandon Lewis,Conservative,FULL,NIO,Secretary of State for Northern Ireland,Full Member,NI
E14000718,Greenwich and Woolwich,Matthew Pennycook,Labour,NA,NA,,Not in Cabinet,
E14000719,Guildford,Angela Richardson,Conservative,NA,NA,,Not in Cabinet,
E14000720,Hackney North and Stoke Newington,Diane Abbott,Labour,NA,NA,,Not in Cabinet,
E14000721,Hackney South and Shoreditch,Meg Hillier,Labour Co-operative,NA,NA,,Not in Cabinet,
E14000722,Halesowen and Rowley Regis,James Morris,Conservative,NA,NA,,Not in Cabinet,
E14000723,Halifax,Holly Lynch,Labour,NA,NA,,Not in Cabinet,
E14000724,Haltemprice and Howden,David Davis,Conservative,NA,NA,,Not in Cabinet,
E14000725,Halton,Derek Twigg,Labour,NA,NA,,Not in Cabinet,
E14000726,Hammersmith,Andrew Slaughter,Labour,NA,NA,,Not in Cabinet,
E14000727,Hampstead and Kilburn,Tulip Siddiq,Labour,NA,NA,,Not in Cabinet,
E14000728,Harborough,Neil O'Brien,Conservative,NA,NA,,Not in Cabinet,
E14000729,Harlow,Robert Halfon,Conservative,NA,NA,,Not in Cabinet,
E14000780,Leeds North West,Alex Sobel,Labour Co-operative,NA,NA,,Not in Cabinet,
E14000781,Leeds West,Rachel Reeves,Labour,NA,NA,,Not in Cabinet,
E14000782,Leicester East,Claudia Webbe,Labour,NA,NA,,Not in Cabinet,
E14000783,Leicester South,Jon Ashworth,Labour Co-operative,NA,NA,,Not in Cabinet,
E14000784,Leicester West,Liz Kendall,Labour,NA,NA,,Not in Cabinet,
E14000785,Leigh,James Grundy,Conservative,NA,NA,,Not in Cabinet,
E14000786,Lewes,Maria Caulfield,Conservative,NA,NA,,Not in Cabinet,
E14000787,Lewisham East,Janet Daby,Labour,NA,NA,,Not in Cabinet,
E14000788,Lewisham West and Penge,Ellie Reeves,Labour,NA,NA,,Not in Cabinet,
E14000789,"Lewisham, Deptford",Vicky Foxcroft,Labour,NA,NA,,Not in Cabinet,
E14000790,Leyton and Wanstead,John Cryer,Labour,NA,NA,,Not in Cabinet,
E14000791,Lichfield,Michael Fabricant,Conservative,NA,NA,,Not in Cabinet,
E14000792,Lincoln,Karl McCartney,Conservative,NA,NA,,Not in Cabinet,
E14000793,"Liverpool, Riverside",Kim Johnson,Labour,NA,NA,,Not in Cabinet,
E14000794,"Liverpool, Walton",Dan Carden,Labour,NA,NA,,Not in Cabinet,
E14000795,"Liverpool, Wavertree",Paula Barker,Labour,NA,NA,,Not in Cabinet,
E14000796,"Liverpool, West Derby",Ian Byrne,Labour,NA,NA,,Not in Cabinet,
E14000797,Loughborough,Jane Hunt,Conservative,NA,NA,,Not in Cabinet,
E14000798,Louth and Horncastle,Victoria Atkins,Conservative,NA,NA,,Not in Cabinet,
E14000799,Ludlow,Philip Dunne,Conservative,NA,NA,,Not in Cabinet,
E14000800,Luton North,Sarah Owen,Labour,NA,NA,,Not in Cabinet,
E14000801,Luton South,Rachel Hopkins,Labour,NA,NA,,Not in Cabinet,
E14000802,Macclesfield,David Rutley,Conservative,NA,NA,,Not in Cabinet,
E14000803,Maidenhead,Theresa May,Conservative,NA,NA,,Not in Cabinet,
E14000804,Maidstone and The Weald,Helen Grant,Conservative,NA,NA,,Not in Cabinet,
E14000805,Makerfield,Yvonne Fovargue,Labour,NA,NA,,Not in Cabinet,
E14000806,Maldon,John Whittingdale,Conservative,NA,NA,,Not in Cabinet,
E14000807,Manchester Central,Lucy Powell,Labour Co-operative,NA,NA,,Not in Cabinet,
E14000808,"Manchester, Gorton",Afzal Khan,Labour,NA,NA,,Not in Cabinet,
E14000809,"Manchester, Withington",Jeff Smith,Labour,NA,NA,,Not in Cabinet,
E14000810,Mansfield,Ben Bradley,Conservative,NA,NA,,Not in Cabinet,
E14000811,Meon Valley,Flick Drummond,Conservative,NA,NA,,Not in Cabinet,
E14000812,Meriden,Saqib Bhatti,Conservative,NA,NA,,Not in Cabinet,
E14000813,Mid Bedfordshire,Nadine Dorries,Conservative,NA,NA,,Not in Cabinet,
E14000814,Mid Derbyshire,Pauline Latham,Conservative,NA,NA,,Not in Cabinet,
E14000815,Mid Dorset and North Poole,Michael Tomlinson,Conservative,NA,NA,,Not in Cabinet,
E14000816,Mid Norfolk,George Freeman,Conservative,NA,NA,,Not in Cabinet,
E14000817,Mid Sussex,Mims Davies,Conservative,NA,NA,,Not in Cabinet,
E14000818,Mid Worcestershire,Nigel Huddleston,Conservative,NA,NA,,Not in Cabinet,
E14000819,Middlesbrough,Andy McDonald,Labour,NA,NA,,Not in Cabinet,
E14000820,Middlesbrough South and East Cleveland,Simon Clarke,Conservative,NA,NA,,Not in Cabinet,
E14000821,Milton Keynes North,Ben Everitt,Conservative,NA,NA,,Not in Cabinet,
E14000822,Milton Keynes South,Iain Stewart,Conservative,NA,NA,,Not in Cabinet,
E14000823,Mitcham and Morden,Siobhain McDonagh,Labour,NA,NA,,Not in Cabinet,
E14000824,Mole Valley,Paul Beresford,Conservative,NA,NA,,Not in Cabinet,
E14000825,Morecambe and Lunesdale,David Morris,Conservative,NA,NA,,Not in Cabinet,
E14000826,Morley and Outwood,Andrea Jenkyns,Conservative,NA,NA,,Not in Cabinet,
E14000827,New Forest East,Julian Lewis,Conservative,NA,NA,,Not in Cabinet,
E14000828,New Forest West,Desmond Swayne,Conservative,NA,NA,,Not in Cabinet,
E14000829,Newark,Robert Jenrick,Conservative,FULL,MHCLG,"Secretary of State for Housing, Communities and Local Government",Full Member,MHCLG
E14000880,"Plymouth, Sutton and Devonport",Luke Pollard,Labour Co-operative,NA,NA,,Not in Cabinet,
E14000881,Poole,Robert Syms,Conservative,NA,NA,,Not in Cabinet,
E14000882,Poplar and Limehouse,Apsana Begum,Labour,NA,NA,,Not in Cabinet,
E14000883,Portsmouth North,Penny Mordaunt,Conservative,NA,NA,,Not in Cabinet,
E14000884,Portsmouth South,Stephen Morgan,Labour,NA,NA,,Not in Cabinet,
E14000885,Preston,Mark Hendrick,Labour Co-operative,NA,NA,,Not in Cabinet,
E14000886,Pudsey,Stuart Andrew,Conservative,NA,NA,,Not in Cabinet,
E14000887,Putney,Fleur Anderson,Labour,NA,NA,,Not in Cabinet,
E14000888,Rayleigh and Wickford,Mark Francois,Conservative,NA,NA,,Not in Cabinet,
E14000889,Reading East,Matt Rodda,Labour,NA,NA,,Not in Cabinet,
E14000890,Reading West,Alok Sharma,Conservative,FULL,BEIS,"Secretary of State for Business, Energy and Industrial Strategy, and Minister for COP 26",Full Member,BEIS
E14000891,Redcar,Jacob Young,Conservative,NA,NA,,Not in Cabinet,
E14000892,Redditch,Rachel Maclean,Conservative,NA,NA,,Not in Cabinet,
E14000893,Reigate,Crispin Blunt,Conservative,NA,NA,,Not in Cabinet,
E14000894,Ribble Valley,Nigel Evans,Conservative,NA,NA,,Not in Cabinet,
E14000895,Richmond (Yorks),Rishi Sunak,Conservative,FULL,HMT,Chancellor of the Exchequer,Full Member,Chancellor
E14000896,Richmond Park,Sarah Olney,Liberal Democrats,NA,NA,,Not in Cabinet,
E14000897,Rochdale,Tony Lloyd,Labour,NA,NA,,Not in Cabinet,
E14000898,Rochester and Strood,Kelly Tolhurst,Conservative,NA,NA,,Not in Cabinet,
E14000899,Rochford and Southend East,James Duddridge,Conservative,NA,NA,,Not in Cabinet,
E14000900,Romford,Andrew Rosindell,Conservative,NA,NA,,Not in Cabinet,
E14000901,Romsey and Southampton North,Caroline Nokes,Conservative,NA,NA,,Not in Cabinet,
E14000902,Rossendale and Darwen,Jake Berry,Conservative,NA,NA,,Not in Cabinet,
E14000903,Rother Valley,Alexander Stafford,Conservative,NA,NA,,Not in Cabinet,
E14000904,Rotherham,Sarah Champion,Labour,NA,NA,,Not in Cabinet,
E14000905,Rugby,Mark Pawsey,Conservative,NA,NA,,Not in Cabinet,
E14000906,"Ruislip, Northwood and Pinner",David Simmonds,Conservative,NA,NA,,Not in Cabinet,
E14000907,Runnymede and Weybridge,Ben Spencer,Conservative,NA,NA,,Not in Cabinet,
E14000908,Rushcliffe,Ruth Edwards,Conservative,NA,NA,,Not in Cabinet,
E14000909,Rutland and Melton,Alicia Kearns,Conservative,NA,NA,,Not in Cabinet,
E14000910,Saffron Walden,Kemi Badenoch,Conservative,NA,NA,,Not in Cabinet,
E14000911,Salford and Eccles,Rebecca Long-Bailey,Labour,NA,NA,,Not in Cabinet,
E14000912,Salisbury,John Glen,Conservative,NA,NA,,Not in Cabinet,
E14000913,Scarborough and Whitby,Robert Goodwill,Conservative,NA,NA,,Not in Cabinet,
E14000914,Scunthorpe,Holly Mumby-Croft,Conservative,NA,NA,,Not in Cabinet,
E14000915,Sedgefield,Paul Howell,Conservative,NA,NA,,Not in Cabinet,
E14000916,Sefton Central,Bill Esterson,Labour,NA,NA,,Not in Cabinet,
E14000917,Selby and Ainsty,Nigel Adams,Conservative,NA,NA,,Not in Cabinet,
E14000918,Sevenoaks,Laura Trott,Conservative,NA,NA,,Not in Cabinet,
E14000919,Sheffield Central,Paul Blomfield,Labour,NA,NA,,Not in Cabinet,
E14000920,Sheffield South East,Clive Betts,Labour,NA,NA,,Not in Cabinet,
E14000921,"Sheffield, Brightside and Hillsborough",Gill Furniss,Labour,NA,NA,,Not in Cabinet,
E14000922,"Sheffield, Hallam",Olivia Blake,Labour,NA,NA,,Not in Cabinet,
E14000923,"Sheffield, Heeley",Louise Haigh,Labour,NA,NA,,Not in Cabinet,
E14000924,Sherwood,Mark Spencer,Conservative,ATT,WhipHofC,Parliamentary Secretary to the Treasury (Chief Whip),Attending Member,Ch Whip
E14000925,Shipley,Philip Davies,Conservative,NA,NA,,Not in Cabinet,
E14000926,Shrewsbury and Atcham,Daniel Kawczynski,Conservative,NA,NA,,Not in Cabinet,
E14000927,Sittingbourne and Sheppey,Gordon Henderson,Conservative,NA,NA,,Not in Cabinet,
E14000928,Skipton and Ripon,Julian Smith,Conservative,NA,NA,,Not in Cabinet,
E14000929,Sleaford and North Hykeham,Caroline Johnson,Conservative,NA,NA,,Not in Cabinet,
E14000730,Harrogate and Knaresborough,Andrew Jones,Conservative,NA,NA,,Not in Cabinet,
E14000731,Harrow East,Bob Blackman,Conservative,NA,NA,,Not in Cabinet,
E14000732,Harrow West,Gareth Thomas,Labour Co-operative,NA,NA,,Not in Cabinet,
E14000733,Hartlepool,Mike Hill,Labour,NA,NA,,Not in Cabinet,
E14000734,Harwich and North Essex,Bernard Jenkin,Conservative,NA,NA,,Not in Cabinet,
E14000735,Hastings and Rye,Sally-Ann Hart,Conservative,NA,NA,,Not in Cabinet,
E14000736,Havant,Alan Mak,Conservative,NA,NA,,Not in Cabinet,
E14000737,Hayes and Harlington,John McDonnell,Labour,NA,NA,,Not in Cabinet,
E14000738,Hazel Grove,William Wragg,Conservative,NA,NA,,Not in Cabinet,
E14000739,Hemel Hempstead,Mike Penning,Conservative,NA,NA,,Not in Cabinet,
E14000740,Hemsworth,Jon Trickett,Labour,NA,NA,,Not in Cabinet,
E14000741,Hendon,Matthew Offord,Conservative,NA,NA,,Not in Cabinet,
E14000742,Henley,John Howell,Conservative,NA,NA,,Not in Cabinet,
E14000743,Hereford and South Herefordshire,Jesse Norman,Conservative,NA,NA,,Not in Cabinet,
E14000744,Hertford and Stortford,Julie Marson,Conservative,NA,NA,,Not in Cabinet,
E14000745,Hertsmere,Oliver Dowden,Conservative,FULL,DCMS,"Secretary of State for Digital, Culture, Media and Sport",Full Member,DCMS
E14000746,Hexham,Guy Opperman,Conservative,NA,NA,,Not in Cabinet,
E14000747,Heywood and Middleton,Chris Clarkson,Conservative,NA,NA,,Not in Cabinet,
E14000748,High Peak,Robert Largan,Conservative,NA,NA,,Not in Cabinet,
E14000749,Hitchin and Harpenden,Bim Afolami,Conservative,NA,NA,,Not in Cabinet,
E14000750,Holborn and St Pancras,Keir Starmer,Labour,NA,NA,,Not in Cabinet,
E14000751,Hornchurch and Upminster,Julia Lopez,Conservative,NA,NA,,Not in Cabinet,
E14000752,Hornsey and Wood Green,Catherine West,Labour,NA,NA,,Not in Cabinet,
E14000753,Horsham,Jeremy Quin,Conservative,NA,NA,,Not in Cabinet,
E14000754,Houghton and Sunderland South,Bridget Phillipson,Labour,NA,NA,,Not in Cabinet,
E14000755,Hove,Peter Kyle,Labour,NA,NA,,Not in Cabinet,
E14000756,Huddersfield,Barry Sheerman,Labour Co-operative,NA,NA,,Not in Cabinet,
E14000757,Huntingdon,Jonathan Djanogly,Conservative,NA,NA,,Not in Cabinet,
E14000758,Hyndburn,Sara Britcliffe,Conservative,NA,NA,,Not in Cabinet,
E14000759,Ilford North,Wes Streeting,Labour,NA,NA,,Not in Cabinet,
E14000760,Ilford South,Sam Tarry,Labour,NA,NA,,Not in Cabinet,
E14000761,Ipswich,Tom Hunt,Conservative,NA,NA,,Not in Cabinet,
E14000762,Isle of Wight,Bob Seely,Conservative,NA,NA,,Not in Cabinet,
E14000763,Islington North,Jeremy Corbyn,Labour,NA,NA,,Not in Cabinet,
E14000764,Islington South and Finsbury,Emily Thornberry,Labour,NA,NA,,Not in Cabinet,
E14000765,Jarrow,Kate Osborne,Labour,NA,NA,,Not in Cabinet,
E14000766,Keighley,Robbie Moore,Conservative,NA,NA,,Not in Cabinet,
E14000767,Kenilworth and Southam,Jeremy Wright,Conservative,NA,NA,,Not in Cabinet,
E14000768,Kensington,Felicity Buchan,Conservative,NA,NA,,Not in Cabinet,
E14000769,Kettering,Philip Hollobone,Conservative,NA,NA,,Not in Cabinet,
E14000770,Kingston and Surbiton,Edward Davey,Liberal Democrats,NA,NA,,Not in Cabinet,
E14000771,Kingston upon Hull East,Karl Turner,Labour,NA,NA,,Not in Cabinet,
E14000772,Kingston upon Hull North,Diana R. Johnson,Labour,NA,NA,,Not in Cabinet,
E14000773,Kingston upon Hull West and Hessle,Emma Hardy,Labour,NA,NA,,Not in Cabinet,
E14000774,Kingswood,Chris Skidmore,Conservative,NA,NA,,Not in Cabinet,
E14000775,Knowsley,George Howarth,Labour,NA,NA,,Not in Cabinet,
E14000776,Lancaster and Fleetwood,Cat Smith,Labour,NA,NA,,Not in Cabinet,
E14000777,Leeds Central,Hilary Benn,Labour,NA,NA,,Not in Cabinet,
E14000778,Leeds East,Richard Burgon,Labour,NA,NA,,Not in Cabinet,
E14000779,Leeds North East,Fabian Hamilton,Labour,NA,NA,,Not in Cabinet,
E14000530,Aldershot,Leo Docherty,Conservative,NA,NA,,Not in Cabinet,
E14000531,Aldridge-Brownhills,Wendy Morton,Conservative,NA,NA,,Not in Cabinet,
E14000532,Altrincham and Sale West,Graham Brady,Conservative,NA,NA,,Not in Cabinet,
E14000533,Amber Valley,Nigel Mills,Conservative,NA,NA,,Not in Cabinet,
E14000534,Arundel and South Downs,Andrew Griffith,Conservative,NA,NA,,Not in Cabinet,
E14000535,Ashfield,Lee Anderson,Conservative,NA,NA,,Not in Cabinet,
E14000536,Ashford,Damian Green,Conservative,NA,NA,,Not in Cabinet,
E14000537,Ashton-under-Lyne,Angela Rayner,Labour,NA,NA,,Not in Cabinet,
E14000538,Aylesbury,Rob Butler,Conservative,NA,NA,,Not in Cabinet,
E14000539,Banbury,Victoria Prentis,Conservative,NA,NA,,Not in Cabinet,
E14000540,Barking,Margaret Hodge,Labour,NA,NA,,Not in Cabinet,
E14000541,Barnsley Central,Dan Jarvis,Labour,NA,NA,,Not in Cabinet,
E14000542,Barnsley East,Stephanie Peacock,Labour,NA,NA,,Not in Cabinet,
E14000543,Barrow and Furness,Simon Fell,Conservative,NA,NA,,Not in Cabinet,
E14000544,Basildon and Billericay,John Baron,Conservative,NA,NA,,Not in Cabinet,
E14000545,Basingstoke,Maria Miller,Conservative,NA,NA,,Not in Cabinet,
E14000546,Bassetlaw,Brendan Clarke-Smith,Conservative,NA,NA,,Not in Cabinet,
E14000547,Bath,Wera Hobhouse,Liberal Democrats,NA,NA,,Not in Cabinet,
E14000548,Batley and Spen,Tracy Brabin,Labour Co-operative,NA,NA,,Not in Cabinet,
E14000549,Battersea,Marsha de Cordova,Labour,NA,NA,,Not in Cabinet,
E14000550,Beaconsfield,Joy Morrissey,Conservative,NA,NA,,Not in Cabinet,
E14000551,Beckenham,Bob Stewart,Conservative,NA,NA,,Not in Cabinet,
E14000552,Bedford,Mohammad Yasin,Labour,NA,NA,,Not in Cabinet,
E14000553,Bermondsey and Old Southwark,Neil Coyle,Labour,NA,NA,,Not in Cabinet,
E14000554,Berwick-upon-Tweed,Anne-Marie Trevelyan,Conservative,FULL,DfID,Secretary of State for International Development,Full Member,DfID
E14000555,Bethnal Green and Bow,Rushanara Ali,Labour,NA,NA,,Not in Cabinet,
E14000556,Beverley and Holderness,Graham Stuart,Conservative,NA,NA,,Not in Cabinet,
E14000557,Bexhill and Battle,Huw Merriman,Conservative,NA,NA,,Not in Cabinet,
E14000558,Bexleyheath and Crayford,David Evennett,Conservative,NA,NA,,Not in Cabinet,
E14000559,Birkenhead,Mick Whitley,Labour,NA,NA,,Not in Cabinet,
E14000560,"Birmingham, Edgbaston",Preet Gill,Labour Co-operative,NA,NA,,Not in Cabinet,
E14000561,"Birmingham, Erdington",Jack Dromey,Labour,NA,NA,,Not in Cabinet,
E14000562,"Birmingham, Hall Green",Tahir Ali,Labour,NA,NA,,Not in Cabinet,
E14000563,"Birmingham, Hodge Hill",Liam Byrne,Labour,NA,NA,,Not in Cabinet,
E14000564,"Birmingham, Ladywood",Shabana Mahmood,Labour,NA,NA,,Not in Cabinet,
E14000565,"Birmingham, Northfield",Gary Sambrook,Conservative,NA,NA,,Not in Cabinet,
E14000566,"Birmingham, Perry Barr",Khalid Mahmood,Labour,NA,NA,,Not in Cabinet,
E14000567,"Birmingham, Selly Oak",Steve McCabe,Labour,NA,NA,,Not in Cabinet,
E14000568,"Birmingham, Yardley",Jess Phillips,Labour,NA,NA,,Not in Cabinet,
E14000569,Bishop Auckland,Dehenna Davison,Conservative,NA,NA,,Not in Cabinet,
E14000570,Blackburn,Kate Hollern,Labour,NA,NA,,Not in Cabinet,
E14000571,Blackley and Broughton,Graham Stringer,Labour,NA,NA,,Not in Cabinet,
E14000572,Blackpool North and Cleveleys,Paul Maynard,Conservative,NA,NA,,Not in Cabinet,
E14000573,Blackpool South,Scott Benton,Conservative,NA,NA,,Not in Cabinet,
E14000574,Blaydon,Liz Twist,Labour,NA,NA,,Not in Cabinet,
E14000575,Blyth Valley,Ian Levy,Conservative,NA,NA,,Not in Cabinet,
E14000576,Bognor Regis and Littlehampton,Nick Gibb,Conservative,NA,NA,,Not in Cabinet,
E14000577,Bolsover,Mark Fletcher,Conservative,NA,NA,,Not in Cabinet,
E14000578,Bolton North East,Mark Logan,Conservative,NA,NA,,Not in Cabinet,
E14000579,Bolton South East,Yasmin Qureshi,Labour,NA,NA,,Not in Cabinet,
E14000830,Newbury,Laura Farris,Conservative,NA,NA,,Not in Cabinet,
E14000831,Newcastle upon Tyne Central,Chi Onwurah,Labour,NA,NA,,Not in Cabinet,
E14000832,Newcastle upon Tyne East,Nick Brown,Labour,NA,NA,,Not in Cabinet,
E14000833,Newcastle upon Tyne North,Catherine McKinnell,Labour,NA,NA,,Not in Cabinet,
E14000834,Newcastle-under-Lyme,Aaron Bell,Conservative,NA,NA,,Not in Cabinet,
E14000835,Newton Abbot,Anne Marie Morris,Conservative,NA,NA,,Not in Cabinet,
E14000836,"Normanton, Pontefract and Castleford",Yvette Cooper,Labour,NA,NA,,Not in Cabinet,
E14000837,North Cornwall,Scott Mann,Conservative,NA,NA,,Not in Cabinet,
E14000838,North Devon,Selaine Saxby,Conservative,NA,NA,,Not in Cabinet,
E14000839,North Dorset,Simon Hoare,Conservative,NA,NA,,Not in Cabinet,
E14000840,North Durham,Kevan Jones,Labour,NA,NA,,Not in Cabinet,
E14000841,North East Bedfordshire,Richard Fuller,Conservative,NA,NA,,Not in Cabinet,
E14000842,North East Cambridgeshire,Stephen Barclay,Conservative,ATT,HMT,Chief Secretary to the Treasury,Attending Member,Treasury
E14000843,North East Derbyshire,Lee Rowley,Conservative,NA,NA,,Not in Cabinet,
E14000844,North East Hampshire,Ranil Jayawardena,Conservative,NA,NA,,Not in Cabinet,
E14000845,North East Hertfordshire,Oliver Heald,Conservative,NA,NA,,Not in Cabinet,
E14000846,North East Somerset,Jacob Rees-Mogg,Conservative,ATT,LeaderHofC,Leader of the House of Commons,Attending Member,HoC Leader
E14000847,North Herefordshire,Bill Wiggin,Conservative,NA,NA,,Not in Cabinet,
E14000848,North Norfolk,Duncan Baker,Conservative,NA,NA,,Not in Cabinet,
E14000849,North Shropshire,Owen Paterson,Conservative,NA,NA,,Not in Cabinet,
E14000850,North Somerset,Liam Fox,Conservative,NA,NA,,Not in Cabinet,
E14000851,North Swindon,Justin Tomlinson,Conservative,NA,NA,,Not in Cabinet,
E14000852,North Thanet,Roger Gale,Conservative,NA,NA,,Not in Cabinet,
E14000853,North Tyneside,Mary Glindon,Labour,NA,NA,,Not in Cabinet,
E14000854,North Warwickshire,Craig Tracey,Conservative,NA,NA,,Not in Cabinet,
E14000855,North West Cambridgeshire,Shailesh Vara,Conservative,NA,NA,,Not in Cabinet,
E14000856,North West Durham,Richard Holden,Conservative,NA,NA,,Not in Cabinet,
E14000857,North West Hampshire,Kit Malthouse,Conservative,NA,NA,,Not in Cabinet,
E14000858,North West Leicestershire,Andrew Bridgen,Conservative,NA,NA,,Not in Cabinet,
E14000859,North West Norfolk,James Wild,Conservative,NA,NA,,Not in Cabinet,
E14000860,North Wiltshire,James Gray,Conservative,NA,NA,,Not in Cabinet,
E14000861,Northampton North,Michael Ellis,Conservative,NA,NA,,Not in Cabinet,
E14000862,Northampton South,Andrew Lewer,Conservative,NA,NA,,Not in Cabinet,
E14000863,Norwich North,Chloe Smith,Conservative,NA,NA,,Not in Cabinet,
E14000864,Norwich South,Clive Lewis,Labour,NA,NA,,Not in Cabinet,
E14000865,Nottingham East,Nadia Whittome,Labour,NA,NA,,Not in Cabinet,
E14000866,Nottingham North,Alex Norris,Labour Co-operative,NA,NA,,Not in Cabinet,
E14000867,Nottingham South,Lilian Greenwood,Labour,NA,NA,,Not in Cabinet,
E14000868,Nuneaton,Marcus Jones,Conservative,NA,NA,,Not in Cabinet,
E14000869,Old Bexley and Sidcup,James Brokenshire,Conservative,NA,NA,,Not in Cabinet,
E14000870,Oldham East and Saddleworth,Debbie Abrahams,Labour,NA,NA,,Not in Cabinet,
E14000871,Oldham West and Royton,Jim McMahon,Labour Co-operative,NA,NA,,Not in Cabinet,
E14000872,Orpington,Gareth Bacon,Conservative,NA,NA,,Not in Cabinet,
E14000873,Oxford East,Anneliese Dodds,Labour Co-operative,NA,NA,,Not in Cabinet,
E14000874,Oxford West and Abingdon,Layla Moran,Liberal Democrats,NA,NA,,Not in Cabinet,
E14000875,Pendle,Andrew Stephenson,Conservative,NA,NA,,Not in Cabinet,
E14000876,Penistone and Stocksbridge,Miriam Cates,Conservative,NA,NA,,Not in Cabinet,
E14000877,Penrith and The Border,Neil Hudson,Conservative,NA,NA,,Not in Cabinet,
E14000878,Peterborough,Paul Bristow,Conservative,NA,NA,,Not in Cabinet,
E14000879,"Plymouth, Moor View",Johnny Mercer,Conservative,NA,NA,,Not in Cabinet,
E14000630,Cheltenham,Alex Chalk,Conservative,NA,NA,,Not in Cabinet,
E14000631,Chesham and Amersham,Cheryl Gillan,Conservative,NA,NA,,Not in Cabinet,
E14000632,Chesterfield,Toby Perkins,Labour,NA,NA,,Not in Cabinet,
E14000633,Chichester,Gillian Keegan,Conservative,NA,NA,,Not in Cabinet,
E14000634,Chingford and Woodford Green,Iain Duncan Smith,Conservative,NA,NA,,Not in Cabinet,
E14000635,Chippenham,Michelle Donelan,Conservative,NA,NA,,Not in Cabinet,
E14000636,Chipping Barnet,Theresa Villiers,Conservative,NA,NA,,Not in Cabinet,
E14000637,Chorley,Lindsay Hoyle,Speaker,NA,NA,,Not in Cabinet,
E14000638,Christchurch,Christopher Chope,Conservative,NA,NA,,Not in Cabinet,
E14000639,Cities of London and Westminster,Nickie Aiken,Conservative,NA,NA,,Not in Cabinet,
E14000640,City of Chester,Chris Matheson,Labour,NA,NA,,Not in Cabinet,
E14000641,City of Durham,Mary Foy,Labour,NA,NA,,Not in Cabinet,
E14000642,Clacton,Giles Watling,Conservative,NA,NA,,Not in Cabinet,
E14000643,Cleethorpes,Martin Vickers,Conservative,NA,NA,,Not in Cabinet,
E14000644,Colchester,Will Quince,Conservative,NA,NA,,Not in Cabinet,
E14000645,Colne Valley,Jason McCartney,Conservative,NA,NA,,Not in Cabinet,
E14000646,Congleton,Fiona Bruce,Conservative,NA,NA,,Not in Cabinet,
E14000647,Copeland,Trudy Harrison,Conservative,NA,NA,,Not in Cabinet,
E14000648,Corby,Tom Pursglove,Conservative,NA,NA,,Not in Cabinet,
E14000649,Coventry North East,Colleen Fletcher,Labour,NA,NA,,Not in Cabinet,
E14000650,Coventry North West,Taiwo Owatemi,Labour,NA,NA,,Not in Cabinet,
E14000651,Coventry South,Zarah Sultana,Labour,NA,NA,,Not in Cabinet,
E14000652,Crawley,Henry Smith,Conservative,NA,NA,,Not in Cabinet,
E14000653,Crewe and Nantwich,Kieran Mullan,Conservative,NA,NA,,Not in Cabinet,
E14000654,Croydon Central,Sarah Jones,Labour,NA,NA,,Not in Cabinet,
E14000655,Croydon North,Steve Reed,Labour Co-operative,NA,NA,,Not in Cabinet,
E14000656,Croydon South,Chris Philp,Conservative,NA,NA,,Not in Cabinet,
E14000657,Dagenham and Rainham,Jon Cruddas,Labour,NA,NA,,Not in Cabinet,
E14000658,Darlington,Peter Gibson,Conservative,NA,NA,,Not in Cabinet,
E14000659,Dartford,Gareth Johnson,Conservative,NA,NA,,Not in Cabinet,
E14000660,Daventry,Chris Heaton-Harris,Conservative,NA,NA,,Not in Cabinet,
E14000661,Denton and Reddish,Andrew Gwynne,Labour,NA,NA,,Not in Cabinet,
E14000662,Derby North,Amanda Solloway,Conservative,NA,NA,,Not in Cabinet,
E14000663,Derby South,Margaret Beckett,Labour,NA,NA,,Not in Cabinet,
E14000664,Derbyshire Dales,Sarah Dines,Conservative,NA,NA,,Not in Cabinet,
E14000665,Devizes,Danny Kruger,Conservative,NA,NA,,Not in Cabinet,
E14000666,Dewsbury,Mark Eastwood,Conservative,NA,NA,,Not in Cabinet,
E14000667,Don Valley,Nicholas Fletcher,Conservative,NA,NA,,Not in Cabinet,
E14000668,Doncaster Central,Rosie Winterton,Labour,NA,NA,,Not in Cabinet,
E14000669,Doncaster North,Ed Miliband,Labour,NA,NA,,Not in Cabinet,
E14000670,Dover,Natalie Elphicke,Conservative,NA,NA,,Not in Cabinet,
E14000671,Dudley North,Marco Longhi,Conservative,NA,NA,,Not in Cabinet,
E14000672,Dudley South,Mike Wood,Conservative,NA,NA,,Not in Cabinet,
E14000673,Dulwich and West Norwood,Helen Hayes,Labour,NA,NA,,Not in Cabinet,
E14000674,Ealing Central and Acton,Rupa Huq,Labour,NA,NA,,Not in Cabinet,
E14000675,Ealing North,James Murray,Labour Co-operative,NA,NA,,Not in Cabinet,
E14000676,"Ealing, Southall",Virendra Sharma,Labour,NA,NA,,Not in Cabinet,
E14000677,Easington,Grahame Morris,Labour,NA,NA,,Not in Cabinet,
E14000678,East Devon,Simon Jupp,Conservative,NA,NA,,Not in Cabinet,
E14000679,East Ham,Stephen Timms,Labour,NA,NA,,Not in Cabinet,
E14000580,Bolton West,Chris Green,Conservative,NA,NA,,Not in Cabinet,
E14000581,Bootle,Peter Dowd,Labour,NA,NA,,Not in Cabinet,
E14000582,Boston and Skegness,Matt Warman,Conservative,NA,NA,,Not in Cabinet,
E14000583,Bosworth,Luke Evans,Conservative,NA,NA,,Not in Cabinet,
E14000584,Bournemouth East,Tobias Ellwood,Conservative,NA,NA,,Not in Cabinet,
E14000585,Bournemouth West,Conor Burns,Conservative,NA,NA,,Not in Cabinet,
E14000586,Bracknell,James Sunderland,Conservative,NA,NA,,Not in Cabinet,
E14000587,Bradford East,Imran Hussain,Labour,NA,NA,,Not in Cabinet,
E14000588,Bradford South,Judith Cummins,Labour,NA,NA,,Not in Cabinet,
E14000589,Bradford West,Naseem Shah,Labour,NA,NA,,Not in Cabinet,
E14000590,Braintree,James Cleverly,Conservative,NA,NA,,Not in Cabinet,
E14000591,Brent Central,Dawn Butler,Labour,NA,NA,,Not in Cabinet,
E14000592,Brent North,Barry Gardiner,Labour,NA,NA,,Not in Cabinet,
E14000593,Brentford and Isleworth,Ruth Cadbury,Labour,NA,NA,,Not in Cabinet,
E14000594,Brentwood and Ongar,Alex Burghart,Conservative,NA,NA,,Not in Cabinet,
E14000595,Bridgwater and West Somerset,Ian Liddell-Grainger,Conservative,NA,NA,,Not in Cabinet,
E14000596,Brigg and Goole,Andrew Percy,Conservative,NA,NA,,Not in Cabinet,
E14000597,"Brighton, Kemptown",Lloyd Russell-Moyle,Labour Co-operative,NA,NA,,Not in Cabinet,
E14000598,"Brighton, Pavilion",Caroline Lucas,Green,NA,NA,,Not in Cabinet,
E14000599,Bristol East,Kerry McCarthy,Labour,NA,NA,,Not in Cabinet,
E14000600,Bristol North West,Darren Jones,Labour,NA,NA,,Not in Cabinet,
E14000601,Bristol South,Karin Smyth,Labour,NA,NA,,Not in Cabinet,
E14000602,Bristol West,Thangam Debbonaire,Labour,NA,NA,,Not in Cabinet,
E14000603,Broadland,Jerome Mayhew,Conservative,NA,NA,,Not in Cabinet,
E14000604,Bromley and Chislehurst,Bob Neill,Conservative,NA,NA,,Not in Cabinet,
E14000605,Bromsgrove,Sajid Javid,Conservative,NA,NA,,Not in Cabinet,
E14000606,Broxbourne,Charles Walker,Conservative,NA,NA,,Not in Cabinet,
E14000607,Broxtowe,Darren Henry,Conservative,NA,NA,,Not in Cabinet,
E14000608,Buckingham,Greg Smith,Conservative,NA,NA,,Not in Cabinet,
E14000609,Burnley,Antony Higginbotham,Conservative,NA,NA,,Not in Cabinet,
E14000610,Burton,Kate Griffiths,Conservative,NA,NA,,Not in Cabinet,
E14000611,Bury North,James Daly,Conservative,NA,NA,,Not in Cabinet,
E14000612,Bury South,Christian Wakeford,Conservative,NA,NA,,Not in Cabinet,
E14000613,Bury St Edmunds,Jo Churchill,Conservative,NA,NA,,Not in Cabinet,
E14000614,Calder Valley,Craig Whittaker,Conservative,NA,NA,,Not in Cabinet,
E14000615,Camberwell and Peckham,Harriet Harman,Labour,NA,NA,,Not in Cabinet,
E14000616,Camborne and Redruth,George Eustice,Conservative,FULL,Defra,"Secretary of State for Environment, Food and Rural Affairs",Full Member,Defra
E14000617,Cambridge,Daniel Zeichner,Labour,NA,NA,,Not in Cabinet,
E14000618,Cannock Chase,Amanda Milling,Conservative,FULL,CO,Minister without Portfolio,Full Member,CO
E14000619,Canterbury,Rosie Duffield,Labour,NA,NA,,Not in Cabinet,
E14000620,Carlisle,John Stevenson,Conservative,NA,NA,,Not in Cabinet,
E14000621,Carshalton and Wallington,Elliot Colburn,Conservative,NA,NA,,Not in Cabinet,
E14000622,Castle Point,Rebecca Harris,Conservative,NA,NA,,Not in Cabinet,
E14000623,Central Devon,Mel Stride,Conservative,NA,NA,,Not in Cabinet,
E14000624,Central Suffolk and North Ipswich,Daniel Poulter,Conservative,NA,NA,,Not in Cabinet,
E14000625,Charnwood,Edward Argar,Conservative,NA,NA,,Not in Cabinet,
E14000626,Chatham and Aylesford,Tracey Crouch,Conservative,NA,NA,,Not in Cabinet,
E14000627,Cheadle,Mary Robinson,Conservative,NA,NA,,Not in Cabinet,
E14000628,Chelmsford,Vicky Ford,Conservative,NA,NA,,Not in Cabinet,
E14000629,Chelsea and Fulham,Greg Hands,Conservative,NA,NA,,Not in Cabinet,
E14000930,Slough,Tanmanjeet Dhesi,Labour,NA,NA,,Not in Cabinet,
E14000931,Solihull,Julian Knight,Conservative,NA,NA,,Not in Cabinet,
E14000932,Somerton and Frome,David Warburton,Conservative,NA,NA,,Not in Cabinet,
E14000933,South Basildon and East Thurrock,Stephen Metcalfe,Conservative,NA,NA,,Not in Cabinet,
E14000934,South Cambridgeshire,Anthony Browne,Conservative,NA,NA,,Not in Cabinet,
E14000935,South Derbyshire,Heather Wheeler,Conservative,NA,NA,,Not in Cabinet,
E14000936,South Dorset,Richard Drax,Conservative,NA,NA,,Not in Cabinet,
E14000937,South East Cambridgeshire,Lucy Frazer,Conservative,NA,NA,,Not in Cabinet,
E14000938,South East Cornwall,Sheryll Murray,Conservative,NA,NA,,Not in Cabinet,
E14000939,South Holland and The Deepings,John Hayes,Conservative,NA,NA,,Not in Cabinet,
E14000940,South Leicestershire,Alberto Costa,Conservative,NA,NA,,Not in Cabinet,
E14000941,South Norfolk,Richard Bacon,Conservative,NA,NA,,Not in Cabinet,
E14000942,South Northamptonshire,Andrea Leadsom,Conservative,NA,NA,,Not in Cabinet,
E14000943,South Ribble,Katherine Fletcher,Conservative,NA,NA,,Not in Cabinet,
E14000944,South Shields,Emma Lewell-Buck,Labour,NA,NA,,Not in Cabinet,
E14000945,South Staffordshire,Gavin Williamson,Conservative,FULL,DfE,Secretary of State for Education,Full Member,DfE
E14000946,South Suffolk,James Cartlidge,Conservative,NA,NA,,Not in Cabinet,
E14000947,South Swindon,Robert Buckland,Conservative,FULL,MoJ,"Lord Chancellor (paid), and Secretary of State for Justice",Full Member,MoJ
E14000948,South Thanet,Craig Mackinlay,Conservative,NA,NA,,Not in Cabinet,
E14000949,South West Bedfordshire,Andrew Selous,Conservative,NA,NA,,Not in Cabinet,
E14000950,South West Devon,Gary Streeter,Conservative,NA,NA,,Not in Cabinet,
E14000951,South West Hertfordshire,Gagan Mohindra,Conservative,NA,NA,,Not in Cabinet,
E14000952,South West Norfolk,Elizabeth Truss,Conservative,FULL,DIT,"Secretary of State for International Trade, and President of the Board of Trade, and Minister for Women and Equalities",Full Member,DIT
E14000953,South West Surrey,Jeremy Hunt,Conservative,NA,NA,,Not in Cabinet,
E14000954,South West Wiltshire,Andrew Murrison,Conservative,NA,NA,,Not in Cabinet,
E14000955,"Southampton, Itchen",Royston Smith,Conservative,NA,NA,,Not in Cabinet,
E14000956,"Southampton, Test",Alan Whitehead,Labour,NA,NA,,Not in Cabinet,
E14000957,Southend West,David Amess,Conservative,NA,NA,,Not in Cabinet,
E14000958,Southport,Damien Moore,Conservative,NA,NA,,Not in Cabinet,
E14000959,Spelthorne,Kwasi Kwarteng,Conservative,NA,NA,,Not in Cabinet,
E14000960,St Albans,Daisy Cooper,Liberal Democrats,NA,NA,,Not in Cabinet,
E14000961,St Austell and Newquay,Steve Double,Conservative,NA,NA,,Not in Cabinet,
E14000962,St Helens North,Conor McGinn,Labour,NA,NA,,Not in Cabinet,
E14000963,St Helens South and Whiston,Marie Rimmer,Labour,NA,NA,,Not in Cabinet,
E14000964,St Ives,Derek Thomas,Conservative,NA,NA,,Not in Cabinet,
E14000965,Stafford,Theo Clarke,Conservative,NA,NA,,Not in Cabinet,
E14000966,Staffordshire Moorlands,Karen Bradley,Conservative,NA,NA,,Not in Cabinet,
E14000967,Stalybridge and Hyde,Jonathan Reynolds,Labour Co-operative,NA,NA,,Not in Cabinet,
E14000968,Stevenage,Stephen McPartland,Conservative,NA,NA,,Not in Cabinet,
E14000969,Stockport,Navendu Mishra,Labour,NA,NA,,Not in Cabinet,
E14000970,Stockton North,Alex Cunningham,Labour,NA,NA,,Not in Cabinet,
E14000971,Stockton South,Matt Vickers,Conservative,NA,NA,,Not in Cabinet,
E14000972,Stoke-on-Trent Central,Jo Gideon,Conservative,NA,NA,,Not in Cabinet,
E14000973,Stoke-on-Trent North,Jonathan Gullis,Conservative,NA,NA,,Not in Cabinet,
E14000974,Stoke-on-Trent South,Jack Brereton,Conservative,NA,NA,,Not in Cabinet,
E14000975,Stone,Bill Cash,Conservative,NA,NA,,Not in Cabinet,
E14000976,Stourbridge,Suzanne Webb,Conservative,NA,NA,,Not in Cabinet,
E14000977,Stratford-on-Avon,Nadhim Zahawi,Conservative,NA,NA,,Not in Cabinet,
E14000978,Streatham,Bell Ribeiro-Addy,Labour,NA,NA,,Not in Cabinet,
E14000979,Stretford and Urmston,Kate Green,Labour,NA,NA,,Not in Cabinet,
N06000018,West Tyrone,Órfhlaith Begley,Sinn Féin,NA,NA,,Not in Cabinet,
S14000001,Aberdeen North,Kirsty Blackman,Scottish National,NA,NA,,Not in Cabinet,
S14000002,Aberdeen South,Stephen Flynn,Scottish National,NA,NA,,Not in Cabinet,
S14000003,Airdrie and Shotts,Neil Gray,Scottish National,NA,NA,,Not in Cabinet,
S14000004,Angus,Dave Doogan,Scottish National,NA,NA,,Not in Cabinet,
S14000005,Argyll and Bute,Brendan O'Hara,Scottish National,NA,NA,,Not in Cabinet,
S14000006,"Ayr, Carrick and Cumnock",Allan Dorans,Scottish National,NA,NA,,Not in Cabinet,
S14000007,Banff and Buchan,David Duguid,Conservative,NA,NA,,Not in Cabinet,
S14000008,"Berwickshire, Roxburgh and Selkirk",John Lamont,Conservative,NA,NA,,Not in Cabinet,
S14000009,"Caithness, Sutherland and Easter Ross",Jamie Stone,Liberal Democrats,NA,NA,,Not in Cabinet,
S14000010,Central Ayrshire,Philippa Whitford,Scottish National,NA,NA,,Not in Cabinet,
S14000011,"Coatbridge, Chryston and Bellshill",Steven Bonnar,Scottish National,NA,NA,,Not in Cabinet,
S14000012,"Cumbernauld, Kilsyth and Kirkintilloch East",Stuart McDonald,Scottish National,NA,NA,,Not in Cabinet,
S14000013,Dumfries and Galloway,Alister Jack,Conservative,FULL,Scot,Secretary of State for Scotland,Full Member,Scotland
S14000014,"Dumfriesshire, Clydesdale and Tweeddale",David Mundell,Conservative,NA,NA,,Not in Cabinet,
S14000015,Dundee East,Stewart Hosie,Scottish National,NA,NA,,Not in Cabinet,
S14000016,Dundee West,Chris Law,Scottish National,NA,NA,,Not in Cabinet,
S14000017,Dunfermline and West Fife,Douglas Chapman,Scottish National,NA,NA,,Not in Cabinet,
S14000018,East Dunbartonshire,Amy Callaghan,Scottish National,NA,NA,,Not in Cabinet,
S14000019,"East Kilbride, Strathaven and Lesmahagow",Lisa Cameron,Scottish National,NA,NA,,Not in Cabinet,
S14000020,East Lothian,Kenny MacAskill,Scottish National,NA,NA,,Not in Cabinet,
S14000021,East Renfrewshire,Kirsten Oswald,Scottish National,NA,NA,,Not in Cabinet,
S14000022,Edinburgh East,Tommy Sheppard,Scottish National,NA,NA,,Not in Cabinet,
S14000023,Edinburgh North and Leith,Deidre Brock,Scottish National,NA,NA,,Not in Cabinet,
S14000024,Edinburgh South,Ian Murray,Labour,NA,NA,,Not in Cabinet,
S14000025,Edinburgh South West,Joanna Cherry,Scottish National,NA,NA,,Not in Cabinet,
S14000026,Edinburgh West,Christine Jardine,Liberal Democrats,NA,NA,,Not in Cabinet,
S14000027,Na h-Eileanan an Iar,Angus MacNeil,Scottish National,NA,NA,,Not in Cabinet,
S14000028,Falkirk,John McNally,Scottish National,NA,NA,,Not in Cabinet,
S14000029,Glasgow Central,Alison Thewliss,Scottish National,NA,NA,,Not in Cabinet,
S14000030,Glasgow East,David Linden,Scottish National,NA,NA,,Not in Cabinet,
S14000031,Glasgow North,Patrick Grady,Scottish National,NA,NA,,Not in Cabinet,
S14000032,Glasgow North East,Anne McLaughlin,Scottish National,NA,NA,,Not in Cabinet,
S14000033,Glasgow North West,Carol Monaghan,Scottish National,NA,NA,,Not in Cabinet,
S14000034,Glasgow South,Stewart McDonald,Scottish National,NA,NA,,Not in Cabinet,
S14000035,Glasgow South West,Chris Stephens,Scottish National,NA,NA,,Not in Cabinet,
S14000036,Glenrothes,Peter Grant,Scottish National,NA,NA,,Not in Cabinet,
S14000037,Gordon,Richard Thomson,Scottish National,NA,NA,,Not in Cabinet,
S14000038,Inverclyde,Ronnie Cowan,Scottish National,NA,NA,,Not in Cabinet,
S14000039,"Inverness, Nairn, Badenoch and Strathspey",Drew Hendry,Scottish National,NA,NA,,Not in Cabinet,
S14000040,Kilmarnock and Loudoun,Alan Brown,Scottish National,NA,NA,,Not in Cabinet,
S14000041,Kirkcaldy and Cowdenbeath,Neale Hanvey,Scottish National[k],NA,NA,,Not in Cabinet,
S14000042,Lanark and Hamilton East,Angela Crawley,Scottish National,NA,NA,,Not in Cabinet,
S14000043,Linlithgow and East Falkirk,Martyn Day,Scottish National,NA,NA,,Not in Cabinet,
S14000044,Livingston,Hannah Bardell,Scottish National,NA,NA,,Not in Cabinet,
S14000045,Midlothian,Owen Thompson,Scottish National,NA,NA,,Not in Cabinet,
S14000046,Moray,Douglas Ross,Conservative,NA,NA,,Not in Cabinet,
S14000047,Motherwell and Wishaw,Marion Fellows,Scottish National,NA,NA,,Not in Cabinet,
S14000048,North Ayrshire and Arran,Patricia Gibson,Scottish National,NA,NA,,Not in Cabinet,
S14000049,North East Fife,Wendy Chamberlain,Liberal Democrats,NA,NA,,Not in Cabinet,
S14000050,Ochil and South Perthshire,John Nicolson,Scottish National,NA,NA,,Not in Cabinet,
S14000051,Orkney and Shetland,Alistair Carmichael,Liberal Democrats,NA,NA,,Not in Cabinet,
S14000052,Paisley and Renfrewshire North,Gavin Newlands,Scottish National,NA,NA,,Not in Cabinet,
S14000053,Paisley and Renfrewshire South,Mhairi Black,Scottish National,NA,NA,,Not in Cabinet,
S14000054,Perth and North Perthshire,Pete Wishart,Scottish National,NA,NA,,Not in Cabinet,
S14000055,"Ross, Skye and Lochaber",Ian Blackford,Scottish National,NA,NA,,Not in Cabinet,
S14000056,Rutherglen and Hamilton West,Margaret Ferrier,Scottish National,NA,NA,,Not in Cabinet,
S14000057,Stirling,Alyn Smith,Scottish National,NA,NA,,Not in Cabinet,
S14000058,West Aberdeenshire and Kincardine,Andrew Bowie,Conservative,NA,NA,,Not in Cabinet,
S14000059,West Dunbartonshire,Martin Docherty,Scottish National,NA,NA,,Not in Cabinet,
W07000041,Ynys Môn,Virginia Crosbie,Conservative,NA,NA,,Not in Cabinet,
W07000042,Delyn,Rob Roberts,Conservative,NA,NA,,Not in Cabinet,
W07000043,Alyn and Deeside,Mark Tami,Labour,NA,NA,,Not in Cabinet,
W07000044,Wrexham,Sarah Atherton,Conservative,NA,NA,,Not in Cabinet,
W07000045,Llanelli,Nia Griffith,Labour,NA,NA,,Not in Cabinet,
W07000046,Gower,Tonia Antoniazzi,Labour,NA,NA,,Not in Cabinet,
W07000047,Swansea West,Geraint Davies,Labour Co-operative,NA,NA,,Not in Cabinet,
W07000048,Swansea East,Carolyn Harris,Labour,NA,NA,,Not in Cabinet,
W07000049,Aberavon,Stephen Kinnock,Labour,NA,NA,,Not in Cabinet,
W07000050,Cardiff Central,Jo Stevens,Labour,NA,NA,,Not in Cabinet,
W07000051,Cardiff North,Anna McMorrin,Labour,NA,NA,,Not in Cabinet,
W07000052,Rhondda,Chris Bryant,Labour,NA,NA,,Not in Cabinet,
W07000053,Torfaen,Nick Thomas-Symonds,Labour,NA,NA,,Not in Cabinet,
W07000054,Monmouth,David Davies,Conservative,NA,NA,,Not in Cabinet,
W07000055,Newport East,Jessica Morden,Labour,NA,NA,,Not in Cabinet,
W07000056,Newport West,Ruth Jones,Labour,NA,NA,,Not in Cabinet,
W07000057,Arfon,Hywel Williams,Plaid Cymru,NA,NA,,Not in Cabinet,
W07000058,Aberconwy,Robin Millar,Conservative,NA,NA,,Not in Cabinet,
W07000059,Clwyd West,David Jones,Conservative,NA,NA,,Not in Cabinet,
W07000060,Vale of Clwyd,James Davies,Conservative,NA,NA,,Not in Cabinet,
W07000061,Dwyfor Meirionnydd,Liz Saville-Roberts,Plaid Cymru,NA,NA,,Not in Cabinet,
W07000062,Clwyd South,Simon Baynes,Conservative,NA,NA,,Not in Cabinet,
W07000063,Montgomeryshire,Craig Williams,Conservative,NA,NA,,Not in Cabinet,
W07000064,Ceredigion,Ben Lake,Plaid Cymru,NA,NA,,Not in Cabinet,
W07000065,Preseli Pembrokeshire,Stephen Crabb,Conservative,NA,NA,,Not in Cabinet,
W07000066,Carmarthen West and South Pembrokeshire,Simon Hart,Conservative,FULL,Wal,Secretary of State for Wales,Full Member,Wales
W07000067,Carmarthen East and Dinefwr,Jonathan Edwards,Plaid Cymru,NA,NA,,Not in Cabinet,
W07000068,Brecon and Radnorshire,Fay Jones,Conservative,NA,NA,,Not in Cabinet,
W07000069,Neath,Christina Rees,Labour Co-operative,NA,NA,,Not in Cabinet,
W07000070,Cynon Valley,Beth Winter,Labour,NA,NA,,Not in Cabinet,
W07000071,Merthyr Tydfil and Rhymney,Gerald Jones,Labour,NA,NA,,Not in Cabinet,
W07000072,Blaenau Gwent,Nick Smith,Labour,NA,NA,,Not in Cabinet,
W07000073,Bridgend,Jamie Wallis,Conservative,NA,NA,,Not in Cabinet,
W07000074,Ogmore,Chris Elmore,Labour,NA,NA,,Not in Cabinet,
W07000075,Pontypridd,Alex Davies-Jones,Labour,NA,NA,,Not in Cabinet,
W07000076,Caerphilly,Wayne David,Labour,NA,NA,,Not in Cabinet,
W07000077,Islwyn,Chris Evans,Labour Co-operative,NA,NA,,Not in Cabinet,
W07000078,Vale of Glamorgan,Alun Cairns,Conservative,NA,NA,,Not in Cabinet,
W07000079,Cardiff West,Kevin Brennan,Labour,NA,NA,,Not in Cabinet,
W07000080,Cardiff South and Penarth,Stephen Doughty,Labour Co-operative,NA,NA,,Not in Cabinet,
E14000980,Stroud,Siobhan Baillie,Conservative,NA,NA,,Not in Cabinet,
E14000981,Suffolk Coastal,Therese Coffey,Conservative,FULL,DWP,Secretary of State for Work and Pensions,Full Member,DWP
E14000982,Sunderland Central,Julie Elliott,Labour,NA,NA,,Not in Cabinet,
E14000983,Surrey Heath,Michael Gove,Conservative,FULL,CO,Chancellor of the Duchy of Lancaster and Minister for the Cabinet Office,Full Member,CO
E14000984,Sutton and Cheam,Paul Scully,Conservative,NA,NA,,Not in Cabinet,
E14000985,Sutton Coldfield,Andrew Mitchell,Conservative,NA,NA,,Not in Cabinet,
E14000986,Tamworth,Christopher Pincher,Conservative,NA,NA,,Not in Cabinet,
E14000987,Tatton,Esther McVey,Conservative,NA,NA,,Not in Cabinet,
E14000988,Taunton Deane,Rebecca Pow,Conservative,NA,NA,,Not in Cabinet,
E14000989,Telford,Lucy Allan,Conservative,NA,NA,,Not in Cabinet,
E14000990,Tewkesbury,Laurence Robertson,Conservative,NA,NA,,Not in Cabinet,
E14000991,The Cotswolds,Geoffrey Clifton-Brown,Conservative,NA,NA,,Not in Cabinet,
E14000992,The Wrekin,Mark Pritchard,Conservative,NA,NA,,Not in Cabinet,
E14000993,Thirsk and Malton,Kevin Hollinrake,Conservative,NA,NA,,Not in Cabinet,
E14000994,Thornbury and Yate,Luke Hall,Conservative,NA,NA,,Not in Cabinet,
E14000995,Thurrock,Jackie Doyle-Price,Conservative,NA,NA,,Not in Cabinet,
E14000996,Tiverton and Honiton,Neil Parish,Conservative,NA,NA,,Not in Cabinet,
E14000997,Tonbridge and Malling,Thomas Tugendhat,Conservative,NA,NA,,Not in Cabinet,
E14000998,Tooting,Rosena Allin-Khan,Labour,NA,NA,,Not in Cabinet,
E14000999,Torbay,Kevin Foster,Conservative,NA,NA,,Not in Cabinet,
E14001000,Torridge and West Devon,Geoffrey Cox,Conservative,NA,NA,,Not in Cabinet,
E14001001,Totnes,Anthony Mangnall,Conservative,NA,NA,,Not in Cabinet,
E14001002,Tottenham,David Lammy,Labour,NA,NA,,Not in Cabinet,
E14001003,Truro and Falmouth,Cherilyn Mackrory,Conservative,NA,NA,,Not in Cabinet,
E14001004,Tunbridge Wells,Greg Clark,Conservative,NA,NA,,Not in Cabinet,
E14001005,Twickenham,Munira Wilson,Liberal Democrats,NA,NA,,Not in Cabinet,
E14001006,Tynemouth,Alan Campbell,Labour,NA,NA,,Not in Cabinet,
E14001007,Uxbridge and South Ruislip,Boris Johnson,Conservative,FULL,PM,Prime Minister,Full Member,PM
E14001008,Vauxhall,Florence Eshalomi,Labour Co-operative,NA,NA,,Not in Cabinet,
E14001009,Wakefield,Imran Ahmad-Khan,Conservative,NA,NA,,Not in Cabinet,
E14001010,Wallasey,Angela Eagle,Labour,NA,NA,,Not in Cabinet,
E14001011,Walsall North,Eddie Hughes,Conservative,NA,NA,,Not in Cabinet,
E14001012,Walsall South,Valerie Vaz,Labour,NA,NA,,Not in Cabinet,
E14001013,Walthamstow,Stella Creasy,Labour Co-operative,NA,NA,,Not in Cabinet,
E14001014,Wansbeck,Ian Lavery,Labour,NA,NA,,Not in Cabinet,
E14001015,Wantage,David Johnston,Conservative,NA,NA,,Not in Cabinet,
E14001016,Warley,John Spellar,Labour,NA,NA,,Not in Cabinet,
E14001017,Warrington North,Charlotte Nichols,Labour,NA,NA,,Not in Cabinet,
E14001018,Warrington South,Andy Carter,Conservative,NA,NA,,Not in Cabinet,
E14001019,Warwick and Leamington,Matt Western,Labour,NA,NA,,Not in Cabinet,
E14001020,Washington and Sunderland West,Sharon Hodgson,Labour,NA,NA,,Not in Cabinet,
E14001021,Watford,Dean Russell,Conservative,NA,NA,,Not in Cabinet,
E14001022,Waveney,Peter Aldous,Conservative,NA,NA,,Not in Cabinet,
E14001023,Wealden,Nusrat Ghani,Conservative,NA,NA,,Not in Cabinet,
E14001024,Weaver Vale,Mike Amesbury,Labour,NA,NA,,Not in Cabinet,
E14001025,Wellingborough,Peter Bone,Conservative,NA,NA,,Not in Cabinet,
E14001026,Wells,James Heappey,Conservative,NA,NA,,Not in Cabinet,
E14001027,Welwyn Hatfield,Grant Shapps,Conservative,FULL,DfT,Secretary of State for Transport,Full Member,DfT
E14001028,Wentworth and Dearne,John Healey,Labour,NA,NA,,Not in Cabinet,
E14001029,West Bromwich East,Nicola Richards,Conservative,NA,NA,,Not in Cabinet,
E14001030,West Bromwich West,Shaun Bailey,Conservative,NA,NA,,Not in Cabinet,
E14001031,West Dorset,Chris Loder,Conservative,NA,NA,,Not in Cabinet,
E14001032,West Ham,Lyn Brown,Labour,NA,NA,,Not in Cabinet,
E14001033,West Lancashire,Rosie Cooper,Labour,NA,NA,,Not in Cabinet,
E14001034,West Suffolk,Matthew Hancock,Conservative,FULL,DHSC,Secretary of State for Health and Social Care,Full Member,DHSC
E14001035,West Worcestershire,Harriett Baldwin,Conservative,NA,NA,,Not in Cabinet,
E14001036,Westminster North,Karen Buck,Labour,NA,NA,,Not in Cabinet,
E14001037,Westmorland and Lonsdale,Tim Farron,Liberal Democrats,NA,NA,,Not in Cabinet,
E14001038,Weston-Super-Mare,John Penrose,Conservative,NA,NA,,Not in Cabinet,
E14001039,Wigan,Lisa Nandy,Labour,NA,NA,,Not in Cabinet,
E14001040,Wimbledon,Stephen Hammond,Conservative,NA,NA,,Not in Cabinet,
E14001041,Winchester,Steve Brine,Conservative,NA,NA,,Not in Cabinet,
E14001042,Windsor,Adam Afriyie,Conservative,NA,NA,,Not in Cabinet,
E14001043,Wirral South,Alison McGovern,Labour,NA,NA,,Not in Cabinet,
E14001044,Wirral West,Margaret Greenwood,Labour,NA,NA,,Not in Cabinet,
E14001045,Witham,Priti Patel,Conservative,FULL,HO,Secretary of State for the Home Department,Full Member,HO
E14001046,Witney,Robert Courts,Conservative,NA,NA,,Not in Cabinet,
E14001047,Woking,Jonathan Lord,Conservative,NA,NA,,Not in Cabinet,
E14001048,Wokingham,John Redwood,Conservative,NA,NA,,Not in Cabinet,
E14001049,Wolverhampton North East,Jane Stevenson,Conservative,NA,NA,,Not in Cabinet,
E14001050,Wolverhampton South East,Pat McFadden,Labour,NA,NA,,Not in Cabinet,
E14001051,Wolverhampton South West,Stuart Anderson,Conservative,NA,NA,,Not in Cabinet,
E14001052,Worcester,Robin Walker,Conservative,NA,NA,,Not in Cabinet,
E14001053,Workington,Mark Jenkinson,Conservative,NA,NA,,Not in Cabinet,
E14001054,Worsley and Eccles South,Barbara Keeley,Labour,NA,NA,,Not in Cabinet,
E14001055,Worthing West,Peter Bottomley,Conservative,NA,NA,,Not in Cabinet,
E14001056,Wycombe,Steven Baker,Conservative,NA,NA,,Not in Cabinet,
E14001057,Wyre and Preston North,Ben Wallace,Conservative,FULL,MoD,Secretary of State for Defence,Full Member,MoD
E14001058,Wyre Forest,Mark Garnier,Conservative,NA,NA,,Not in Cabinet,
E14001059,Wythenshawe and Sale East,Mike Kane,Labour,NA,NA,,Not in Cabinet,
E14001060,Yeovil,Marcus Fysh,Conservative,NA,NA,,Not in Cabinet,
E14001061,York Central,Rachael Maskell,Labour Co-operative,NA,NA,,Not in Cabinet,
E14001062,York Outer,Julian Sturdy,Conservative,NA,NA,,Not in Cabinet,
N06000001,Belfast East,Gavin Robinson,DUP,NA,NA,,Not in Cabinet,
N06000002,Belfast North,John Finucane,Sinn Féin,NA,NA,,Not in Cabinet,
N06000003,Belfast South,Claire Hanna,SDLP,NA,NA,,Not in Cabinet,
N06000004,Belfast West,Paul Maskey,Sinn Féin,NA,NA,,Not in Cabinet,
N06000005,East Antrim,Sammy Wilson,DUP,NA,NA,,Not in Cabinet,
N06000006,East Londonderry,Gregory Campbell,DUP,NA,NA,,Not in Cabinet,
N06000007,Fermanagh and South Tyrone,Michelle Gildernew,Sinn Féin,NA,NA,,Not in Cabinet,
N06000008,Foyle,Colum Eastwood,SDLP,NA,NA,,Not in Cabinet,
N06000009,Lagan Valley,Jeffrey Donaldson,DUP,NA,NA,,Not in Cabinet,
N06000010,Mid Ulster,Francie Molloy,Sinn Féin,NA,NA,,Not in Cabinet,
N06000011,Newry and Armagh,Mickey Brady,Sinn Féin,NA,NA,,Not in Cabinet,
N06000012,North Antrim,Ian Paisley,DUP,NA,NA,,Not in Cabinet,
N06000013,North Down,Stephen Farry,Alliance,NA,NA,,Not in Cabinet,
N06000014,South Antrim,Paul Girvan,DUP,NA,NA,,Not in Cabinet,
N06000015,South Down,Chris Hazzard,Sinn Féin,NA,NA,,Not in Cabinet,
N06000016,Strangford,Jim Shannon,DUP,NA,NA,,Not in Cabinet,
N06000017,Upper Bann,Carla Lockhart,DUP,NA,NA,,Not in Cabinet,